Category,Rank,Tier,Name,Threat Class,Threat Score,EHP,DPS,HP,ATK,DEF,RES,Attack Interval,Rank (threat_score),Tier (threat_score),Rank (hp),Tier (hp),Rank (ehp),Tier (ehp),Rank (dps),Tier (dps),Rank (atk),Tier (atk),Rank (def),Tier (def),Rank (res),Tier (res),Rank (weight),Tier (weight)
all,1,OP,坎诺特,BOSS,9031,1300000,1650,100000,0,4000,80.0,1.00,1,OP,2,OP,3,OP,1,OP,343,F,1,OP,1,OP,9,S
all,2,OP,熔戈者，护王余火,BOSS,6845,750000,1417,100000,3000,2000,60.0,4.50,2,OP,3,OP,7,OP,3,OP,1,OP,5,OP,5,OP,4,OP
all,3,OP,特雷西斯，黑冠尊主,BOSS,6512,1631250,650,150000,3000,2000,50.0,6.00,3,OP,1,OP,2,OP,11,S,2,OP,6,OP,27,S,7,OP
all,4,OP,杜卡雷，“君主之红”,BOSS,6270,1282500,633,100000,2000,1000,50.0,6.00,4,OP,4,OP,4,OP,12,S,6,OP,28,S,28,S,1,OP
all,5,OP,“阿米娅”,BOSS,5865,936000,1350,40000,3000,4000,80.0,5.00,5,OP,9,S,5,OP,4,OP,3,OP,2,OP,2,OP,2,OP
all,6,OP,“迷迭香”，虚实之握,BOSS,5738,641250,1500,50000,2000,1000,50.0,4.00,6,OP,7,OP,8,OP,2,OP,7,OP,29,S,29,S,77,A
all,7,OP,最后的骑士,BOSS,5697,2295000,721,100000,2000,4000,70.0,3.50,7,OP,5,OP,1,OP,10,S,8,OP,3,OP,4,OP,10,S
all,8,OP,熔戈者，护王余火,BOSS,4790,420000,1239,70000,2200,1500,50.0,4.50,8,OP,6,OP,10,S,5,OP,5,OP,9,S,30,S,5,OP
all,9,OP,“祟”,BOSS,4789,936000,900,40000,3000,4000,80.0,5.00,9,S,10,S,6,OP,7,OP,4,OP,4,OP,3,OP,3,OP
all,10,OP,巨声,ELITE,1770,445500,489,30000,1500,1200,60.0,3.50,10,S,11,S,9,S,32,S,9,S,19,S,6,OP,28,S
all,11,S,直球队坚定守门员,ELITE,1716,297000,587,30000,1400,1300,50.0,3.00,11,S,12,S,11,S,18,S,17,S,15,S,31,S,78,A
all,12,S,饮泣之刺,BOSS,1562,237500,300,50000,0,1000,50.0,5.00,12,S,8,OP,13,S,70,A,344,F,30,S,32,S,79,A
all,13,S,直球队守门员,ELITE,1441,236250,520,25000,1200,1200,50.0,3.00,13,S,18,S,14,S,21,S,22,S,20,S,33,S,80,A
all,14,S,裹骸死士,ELITE,1105,108000,620,24000,1500,800,60.0,3.00,14,S,28,S,39,S,14,S,10,S,54,A,7,OP,29,S
all,15,S,挥铳圣像,ELITE,1102,112500,750,25000,1500,1000,40.0,2.00,15,S,19,S,36,S,8,OP,11,S,31,S,71,A,30,S
all,16,S,直球队坚定击球手,ELITE,1093,188100,480,22000,900,1100,40.0,2.50,16,S,31,S,19,S,33,S,52,A,27,S,72,A,317,E
all,17,S,直球队坚定击人手,ELITE,1086,162000,550,18000,1100,1200,40.0,2.00,17,S,53,A,22,S,20,S,30,S,21,S,73,A,318,E
all,18,S,指挥官厄尔苏拉,ELITE,1075,229500,276,30000,800,800,50.0,3.70,18,S,13,S,16,S,89,A,67,A,55,A,34,S,6,OP
all,19,S,渎罪奇美拉,ELITE,1010,236250,300,25000,1200,1200,50.0,5.00,19,S,20,S,15,S,71,A,23,S,22,S,35,S,31,S
all,20,S,集团军中坚盾卫,ELITE,972,262500,250,25000,950,1800,60.0,3.80,20,S,21,S,12,S,105,B,50,A,7,OP,8,OP,32,S
all,21,S,马特奥的近卫,ELITE,952,178125,385,25000,1300,1200,30.0,4.00,21,S,22,S,20,S,45,A,21,S,23,S,95,A,81,A
all,22,S,恐怖厨子,ELITE,924,195000,240,20000,1200,1800,40.0,5.00,22,S,36,S,18,S,114,B,24,S,8,OP,74,A,33,S
all,23,S,直球队击球手,ELITE,921,145800,440,18000,800,1000,40.0,2.50,23,S,54,A,26,S,37,S,68,A,32,S,75,A,319,E
all,24,S,米奥，热烈的考验者,ELITE,884,142500,280,30000,800,1000,50.0,5.00,24,S,14,S,28,S,86,A,69,A,33,S,36,S,11,S
all,25,S,直球队击人手,ELITE,871,114750,500,15000,1000,900,40.0,2.00,25,S,73,A,33,S,24,S,38,S,46,A,76,A,320,E
all,26,S,乌萨斯战争术师,ELITE,843,127500,330,20000,750,900,40.0,5.00,26,S,37,S,31,S,59,A,85,A,47,A,77,A,82,A
all,27,S,美声水手长,ELITE,839,112500,343,30000,850,800,30.0,3.00,27,S,15,S,37,S,54,A,64,A,56,A,96,A,34,S
all,28,S,“左手”泰特斯·白杨,ELITE,828,144000,360,20000,750,700,50.0,2.50,28,S,38,S,27,S,49,A,86,A,79,A,37,S,83,A
all,29,S,大富翁,ELITE,827,156250,280,25000,1400,1500,60.0,5.00,29,S,23,S,23,S,87,A,18,S,10,S,9,S,12,S
all,30,S,巫王乐团大提琴家,ELITE,818,210000,175,20000,700,1000,60.0,4.00,30,S,39,S,17,S,194,C,100,B,34,S,10,S,35,S
all,31,S,反壳龟·缚,ELITE,803,71688,625,18500,500,750,40.0,0.80,31,S,52,A,65,A,13,S,154,B,76,A,78,A,36,S
all,32,S,“校官”,ELITE,775,101250,380,27000,800,700,40.0,2.50,32,S,17,S,42,A,47,A,70,A,80,A,79,A,13,S
all,33,S,游击队盾卫组长,ELITE,774,156250,211,25000,800,1500,60.0,3.80,33,S,24,S,24,S,140,B,71,A,11,S,11,S,37,S
all,34,S,马特奥的亲卫,ELITE,774,114750,395,18000,1100,1000,30.0,4.00,34,S,55,A,34,S,42,A,31,S,35,S,97,B,84,A
all,35,S,集团军核心指挥官,ELITE,768,65000,750,20000,1500,500,40.0,2.00,35,S,40,A,74,A,9,S,12,S,116,B,80,A,146,B
all,36,S,飞腿毛贼,ELITE,763,88000,600,22000,0,700,50.0,1.00,36,S,32,S,47,A,16,S,345,F,81,A,38,S,185,C
all,37,S,“铣痕”团伙精锐佣兵,ELITE,757,70200,567,19500,1420,640,40.0,2.80,37,S,49,A,67,A,19,S,16,S,99,B,81,A,38,S
all,38,S,孽罪奇美拉,ELITE,736,171000,220,20000,800,1000,50.0,5.00,38,S,41,A,21,S,131,B,72,A,36,S,39,S,39,S
all,39,S,无羁的“盛怒”,ELITE,735,64000,500,16000,1500,900,30.0,3.00,39,S,70,A,77,A,25,S,13,S,48,A,98,B,85,A
all,40,S,岩甲兽·咒,ELITE,735,82875,418,19500,950,950,35.0,4.00,40,A,50,A,50,A,40,A,51,A,44,A,93,A,14,S
all,41,S,马特奥的警卫,ELITE,713,114750,335,18000,1100,1000,30.0,4.00,41,A,56,A,35,S,55,A,32,S,37,S,99,B,86,A
all,42,S,传奇战争幽灵,ELITE,705,63000,467,12000,1400,500,60.0,3.00,42,A,104,B,81,A,35,S,19,S,117,B,12,S,87,A
all,43,A,异光体洋流使者,ELITE,693,64163,520,14500,1200,770,60.0,3.00,43,A,90,A,76,A,22,S,25,S,75,A,13,S,40,A
all,44,A,血腥厨子,ELITE,687,129375,200,15000,1000,1500,40.0,5.00,44,A,74,A,30,S,148,B,39,S,12,S,82,A,41,A
all,45,A,鄙瘴,ELITE,680,97200,360,18000,900,500,30.0,2.50,45,A,57,A,43,A,50,A,53,A,118,B,100,B,88,A
all,46,A,粹影魂灵法骸,ELITE,666,76500,403,18000,1200,800,50.0,3.50,46,A,58,A,57,A,41,A,26,S,57,A,40,A,42,A
all,47,A,赏金猎人扰乱者队长,ELITE,664,75000,300,20000,750,600,50.0,2.50,47,A,42,A,59,A,72,A,87,A,100,B,41,A,15,S
all,48,A,倾轧者,ELITE,661,106250,286,25000,1000,1000,30.0,3.50,48,A,25,S,40,A,81,A,40,A,38,S,101,B,43,A
all,49,A,眩光记录员,ELITE,660,108750,303,29000,730,600,50.0,3.00,49,A,16,S,38,S,69,A,97,B,101,B,42,A,89,A
all,50,A,爆鸣水手长,ELITE,659,81250,293,25000,700,600,30.0,3.00,50,A,26,S,52,A,80,A,101,B,102,B,102,B,44,A
all,51,A,深池护卫队精锐成员,ELITE,658,77000,360,22000,750,600,40.0,2.50,51,A,33,S,56,A,51,A,88,A,103,B,83,A,16,S
all,52,A,集团军盾卫,ELITE,653,140625,211,15000,800,1500,60.0,3.80,52,A,75,A,29,S,141,B,73,A,13,S,14,S,45,A
all,53,A,岩甲兽,ELITE,652,69750,390,18000,840,850,30.0,4.00,53,A,59,A,70,A,43,A,66,A,53,A,103,B,17,S
all,54,A,战术防御者组长,ELITE,648,70000,329,10000,700,1000,60.0,2.60,54,A,126,B,69,A,60,A,102,B,39,S,15,S,46,A
all,55,A,新硎,ELITE,642,50750,614,14000,1350,750,30.0,2.20,55,A,92,A,101,B,15,S,20,S,77,A,104,B,90,A
all,56,A,残党乐团大提琴家,ELITE,640,149625,150,15000,600,900,60.0,4.00,56,A,76,A,25,S,230,C,127,B,49,A,16,S,47,A
all,57,A,“受诅者”,ELITE,638,96250,176,22000,880,950,40.0,5.00,57,A,34,S,44,A,193,C,63,A,45,A,84,A,18,S
all,58,A,不动的“偷闲”,ELITE,630,103500,211,18000,800,1300,60.0,3.80,58,A,60,A,41,A,142,B,74,A,16,S,17,S,48,A
all,59,A,锋盔骑士团精锐,ELITE,629,93600,320,13000,650,700,50.0,2.50,59,A,98,B,45,A,62,A,115,B,82,A,43,A,91,A
all,60,A,改进型量产巨像,ELITE,623,115000,200,20000,800,1400,50.0,4.00,60,A,43,A,32,S,149,B,75,A,14,S,44,A,49,A
all,61,A,高级武装人员,ELITE,619,67500,429,18000,1500,800,30.0,3.50,61,A,61,A,72,A,38,S,14,S,58,A,105,B,92,A
all,62,A,“大斧”,ELITE,619,67500,429,18000,1500,800,30.0,3.50,62,A,62,A,73,A,39,S,15,S,59,A,106,B,93,A
all,63,A,家族暗影灭迹人,ELITE,586,74250,350,18000,1050,800,45.0,3.00,63,A,63,A,61,A,53,A,35,S,60,A,68,A,94,A
all,64,A,复核洋流使者,ELITE,581,49830,470,13200,1050,660,45.0,3.00,64,A,97,B,103,B,34,S,36,S,93,A,69,A,50,A
all,65,A,万国信使，奥伦,ELITE,577,89125,259,23000,700,550,60.0,2.70,65,A,29,S,46,A,101,B,103,B,109,B,18,S,51,A
all,66,A,怪葫芦,ELITE,573,36000,500,12000,600,500,30.0,1.20,66,A,105,B,125,B,26,S,128,B,119,B,107,B,52,A
all,67,A,战争幽灵,ELITE,570,52500,367,10000,1100,500,60.0,3.00,67,A,127,B,97,B,48,A,33,S,120,B,19,S,95,A
all,68,A,拟南兽（闪光友方）,ELITE,570,87500,281,25000,900,500,50.0,3.20,68,A,27,S,48,A,84,A,54,A,121,B,45,A,96,A
all,69,A,自助出餐终端原型机,ELITE,545,44000,510,8000,900,1300,50.0,2.00,69,A,161,B,113,B,23,S,55,A,17,S,46,A,97,B
all,70,A,集团军前线指挥员,ELITE,543,48750,500,15000,1000,500,40.0,2.00,70,A,77,A,106,B,27,S,41,A,122,B,85,A,147,B
all,71,A,注能魂灵法骸,ELITE,540,63750,317,15000,900,800,50.0,3.50,71,A,78,A,78,A,67,A,56,A,61,A,47,A,53,A
all,72,A,游击队盾卫,ELITE,538,86250,184,15000,700,1300,60.0,3.80,72,A,79,A,49,A,180,C,104,B,18,S,20,S,54,A
all,73,A,阿格尼尔神父,ELITE,529,71500,200,22000,900,500,40.0,4.50,73,A,35,S,66,A,150,B,57,A,123,B,86,A,19,S
all,74,A,泥岩小队践行者组长,ELITE,526,73125,286,13000,1000,800,30.0,3.50,74,A,99,B,62,A,82,A,42,A,62,A,108,B,98,B
all,75,A,深池护卫队成员,ELITE,526,55250,320,17000,650,500,40.0,2.50,75,A,67,A,93,A,63,A,116,B,124,B,87,A,20,S
all,76,A,“被弃者”,ELITE,521,78375,144,19000,720,900,35.0,5.00,76,A,51,A,55,A,242,C,98,B,50,A,94,A,21,S
all,77,A,山雪鬼队长,ELITE,520,80000,216,20000,800,700,50.0,3.70,77,A,44,A,53,A,137,B,76,A,83,A,48,A,22,S
all,78,A,赏金猎人扰乱者,ELITE,517,52500,260,15000,650,500,50.0,2.50,78,A,80,A,98,B,98,B,117,B,125,B,49,A,23,S
all,79,A,锋盔骑士团学徒,ELITE,516,72000,280,10000,550,700,50.0,2.50,79,A,128,B,64,A,88,A,142,B,84,A,50,A,99,B
all,80,A,赏金猎人弩手队长,ELITE,514,65000,260,20000,600,600,30.0,3.00,80,A,45,A,75,A,99,B,129,B,104,B,109,B,148,B
all,81,A,恶笼草,ELITE,509,30000,600,10000,600,500,30.0,1.00,81,A,129,B,135,B,17,S,130,B,126,B,110,B,55,A
all,82,A,乌顶巨角卢鲁,ELITE,508,75000,260,20000,1000,800,30.0,5.00,82,A,46,A,60,A,100,B,43,A,63,A,111,B,100,B
all,83,A,宝箱海怪,ELITE,499,45000,384,12000,550,700,40.0,1.70,83,A,106,B,109,B,46,A,143,B,85,A,88,A,56,A
all,84,A,帝国前锋百战精锐,ELITE,495,63750,267,15000,1200,800,50.0,4.50,84,A,81,A,79,A,92,A,27,S,64,A,51,A,57,A
all,85,A,龙卷风忍者,NORMAL,491,39900,500,12000,750,350,20.0,1.50,85,A,107,B,119,B,28,S,89,A,163,B,163,B,149,B
all,86,A,沉沙,ELITE,486,35750,500,11000,1100,600,30.0,2.20,86,A,119,B,126,B,29,S,34,S,105,B,112,B,101,B
all,87,A,帝国炮火中枢先兆者,ELITE,485,68000,240,16000,1200,800,50.0,5.00,87,A,71,A,71,A,115,B,28,S,65,A,52,A,58,A
all,88,A,战术防御者,ELITE,485,39200,329,7000,700,800,40.0,2.60,88,A,188,C,120,B,61,A,105,B,66,A,89,A,59,A
all,89,A,深池塑能术师队长,ELITE,480,72500,240,20000,0,550,50.0,5.00,89,A,47,A,63,A,116,B,346,F,110,B,53,A,102,B
all,90,A,命定的反派,ELITE,472,70125,188,17000,640,650,60.0,5.00,90,A,68,A,68,A,173,B,125,B,94,A,21,S,103,B
all,91,A,“慰朽灵幛”,ELITE,467,63000,240,18000,1200,500,50.0,5.00,91,A,64,A,82,A,117,B,29,S,127,B,54,A,60,A
all,92,A,量产巨像,ELITE,465,78750,163,15000,650,1200,50.0,4.00,92,A,82,A,54,A,213,C,118,B,24,S,55,A,61,A
all,93,A,寻路者知名甜品商,ELITE,462,75938,180,22500,600,650,30.0,5.00,93,A,30,S,58,A,185,C,131,B,95,A,113,B,24,S
all,94,A,寻路者信使,ELITE,452,63750,222,17000,600,500,60.0,2.70,94,A,69,A,80,A,130,B,132,B,128,B,22,S,62,A
all,95,A,Dor-γ号改造体,ELITE,447,59063,200,7500,600,1200,50.0,3.00,95,A,179,C,84,A,151,B,133,B,25,S,56,A,104,B
all,96,A,勤奋的钻头,NORMAL,447,47250,250,13500,750,800,20.0,3.00,96,A,96,A,108,B,106,B,90,A,67,A,164,B,105,B
all,97,A,箱形恐鱼,ELITE,445,30000,500,10000,600,500,30.0,1.20,97,B,130,B,136,B,30,S,134,B,129,B,114,B,106,B
all,98,A,巨壳藤蔓,ELITE,445,30000,500,10000,600,500,30.0,1.20,98,B,131,B,137,B,31,S,135,B,130,B,115,B,107,B
all,99,A,泥岩小队践行者,ELITE,437,56250,257,10000,900,800,30.0,3.50,99,B,132,B,88,A,102,B,58,A,68,A,116,B,108,B
all,100,A,“偷闲”,ELITE,437,57000,184,12000,700,1000,50.0,3.80,100,B,108,B,87,A,181,C,106,B,40,A,57,A,63,A
all,101,B,覆面大锤客,NORMAL,437,56250,257,10000,900,800,30.0,3.50,101,B,133,B,89,A,103,B,59,A,69,A,117,B,109,B
all,102,B,家族灭迹人,ELITE,418,49500,267,12000,800,800,45.0,3.00,102,B,109,B,104,B,93,A,77,A,70,A,70,A,110,B
all,103,B,武装人员,ELITE,408,42000,300,12000,1050,700,30.0,3.50,103,B,110,B,114,B,73,A,37,S,86,A,118,B,111,B
all,104,B,内测版自助出餐终端,ELITE,405,27000,460,6000,800,1000,40.0,2.00,104,B,207,C,148,B,36,S,78,A,41,A,90,A,112,B
all,105,B,群集之瘴,NORMAL,401,40500,300,10000,750,200,30.0,2.50,105,B,134,B,117,B,74,A,91,A,212,C,119,B,113,B
all,106,B,帝国炮火先兆者,ELITE,399,55250,200,13000,1000,800,50.0,5.00,106,B,100,B,94,A,152,B,44,A,71,A,58,A,64,A
all,107,B,弧光锋卫长,ELITE,399,54250,267,14000,800,650,50.0,3.00,107,B,93,A,96,A,94,A,79,A,96,A,59,A,186,C
all,108,B,赏金猎人弩手,ELITE,399,45000,227,15000,500,500,30.0,3.00,108,B,83,A,110,B,127,B,155,B,131,B,120,B,150,B
all,109,B,“迷迭香”的无人机,ELITE,398,50625,200,10000,700,550,40.0,5.00,109,B,135,B,102,B,153,B,107,B,111,B,91,A,114,B
all,110,B,活性态萨卡兹术师结晶,ELITE,391,55000,210,10000,600,1200,60.0,4.00,110,B,136,B,95,A,144,B,136,B,26,S,23,S,115,B
all,111,B,寻路者甜品商,ELITE,384,59063,160,17500,500,650,30.0,5.00,111,B,66,A,85,A,216,C,156,B,97,B,121,B,25,S
all,112,B,帝国前锋精锐,ELITE,383,51000,200,12000,900,800,50.0,4.50,112,B,111,B,100,B,154,B,60,A,72,A,60,A,65,A
all,113,B,度假区越野车,NORMAL,383,37500,214,15000,750,500,10.0,3.50,113,B,84,A,122,B,139,B,92,A,132,B,280,D,66,A
all,114,B,山雪鬼,ELITE,378,56250,162,15000,600,600,50.0,3.70,114,B,85,A,90,A,215,C,137,B,106,B,61,A,26,S
all,115,B,高能瓦斯车,ELITE,372,45000,157,15000,550,500,30.0,3.50,115,B,86,A,111,B,223,C,144,B,133,B,122,B,27,S
all,116,B,“灵幛”,ELITE,369,52500,180,15000,900,500,50.0,5.00,116,B,87,A,99,B,186,C,61,A,134,B,62,A,67,A
all,117,B,乌萨斯突击者队长,ELITE,367,35000,318,10000,700,500,50.0,2.20,117,B,137,B,128,B,66,A,108,B,135,B,63,A,151,B
all,118,B,风遁宗师,NORMAL,364,28500,275,12000,550,300,25.0,2.00,118,B,112,B,145,B,90,A,145,B,171,B,155,B,116,B
all,119,B,朗姆酒推荐者,NORMAL,357,28875,333,10500,1000,500,20.0,3.00,119,B,124,B,141,B,56,A,45,A,136,B,165,B,117,B
all,120,B,假酒海盗,NORMAL,357,28875,333,10500,1000,500,20.0,3.00,120,B,125,B,142,B,57,A,46,A,137,B,166,B,118,B
all,121,B,巨大雪球投手,NORMAL,353,32500,267,10000,800,700,20.0,3.00,121,B,138,B,130,B,95,A,80,A,87,A,167,B,68,A
all,122,B,荒神大喰怪,NORMAL,353,55463,156,14500,625,880,25.0,4.00,122,B,91,A,92,A,224,C,126,B,52,A,156,B,69,A
all,123,B,赛场无赖射手,NORMAL,342,45000,167,15000,500,500,30.0,3.00,123,B,88,A,112,B,202,C,157,B,138,B,123,B,152,B
all,124,B,过气水手,NORMAL,339,35000,229,10000,800,800,20.0,3.50,124,B,139,B,129,B,123,B,81,A,73,A,168,B,70,A
all,125,B,改装排污车,NORMAL,337,37500,167,12000,750,750,10.0,4.50,125,B,113,B,123,B,203,C,93,A,78,A,281,D,71,A
all,126,B,翠梦使者,NORMAL,332,30281,215,9500,430,350,10.0,2.00,126,B,151,B,134,B,138,B,185,C,164,B,282,D,8,OP
all,127,B,萨卡兹子裔链术师组长,ELITE,325,58000,138,16000,550,550,50.0,4.00,127,B,72,A,86,A,251,C,146,B,112,B,64,A,119,B
all,128,B,枯焦锋脊裂兽,NORMAL,324,47775,220,13000,550,400,25.0,2.50,128,B,101,B,107,B,132,B,147,B,152,B,157,B,321,E
all,129,B,残党首席小提琴家,ELITE,323,60750,130,18000,650,550,40.0,5.00,129,B,65,A,83,A,262,D,119,B,113,B,92,A,120,B
all,130,B,扶桥老手,NORMAL,322,20000,360,8000,720,300,30.0,2.00,130,B,162,B,172,B,52,A,99,B,172,B,124,B,72,A
all,131,B,骇笑看客,ELITE,319,26000,250,8000,750,600,30.0,3.00,131,B,163,B,151,B,107,B,94,A,107,B,125,B,153,B
all,132,B,Dor-3号改造体,ELITE,317,35625,167,5000,500,1000,50.0,3.00,132,B,240,C,127,B,204,C,158,B,42,A,65,A,121,B
all,133,B,稳定态萨卡兹术师结晶,ELITE,313,40000,185,8000,500,1000,60.0,4.00,133,B,164,B,118,B,176,C,159,B,43,A,24,S,122,B
all,134,B,萨卡兹迷宫归乡者,NORMAL,313,32500,229,10000,800,700,20.0,3.50,134,B,140,B,131,B,124,B,82,A,88,A,169,B,123,B
all,135,B,家族恫吓者,NORMAL,309,31500,167,9000,500,900,10.0,3.00,135,B,154,B,132,B,205,C,160,B,51,A,283,D,73,A
all,136,B,咸鳞汁推荐者,NORMAL,305,24750,283,9000,850,500,20.0,3.00,136,B,155,B,154,B,83,A,65,A,139,B,170,B,124,B
all,137,B,弧光锋卫,ELITE,305,36250,233,10000,700,550,50.0,3.00,137,B,141,B,124,B,120,B,109,B,114,B,66,A,187,C
all,138,B,标枪恐鱼,NORMAL,298,26250,200,12500,700,240,20.0,3.50,138,B,103,B,149,B,155,B,110,B,207,C,171,B,125,B
all,139,B,“红标”精英渗透者,ELITE,294,24000,250,8000,500,500,30.0,2.00,139,B,165,B,158,B,108,B,161,B,140,B,126,B,188,C
all,140,B,提亚卡乌撕裂者,NORMAL,291,18000,389,7500,350,460,10.0,0.90,140,B,180,C,181,C,44,A,228,C,150,B,284,D,154,B
all,141,B,温泉“泥石流浪汉”,NORMAL,289,22500,281,10000,900,300,20.0,3.20,141,B,142,B,164,B,85,A,62,A,173,B,172,B,126,B
all,142,B,食腐野兽,NORMAL,288,22500,306,12000,550,150,20.0,1.80,142,B,114,B,165,B,68,A,148,B,262,D,173,B,155,B
all,143,B,大喰怪,NORMAL,288,42000,138,12000,550,800,20.0,4.00,143,B,115,B,115,B,252,C,149,B,74,A,174,B,74,A
all,144,B,平剑客,NORMAL,285,38500,125,14000,500,400,30.0,4.00,144,B,94,A,121,B,264,D,162,B,153,B,127,B,127,B
all,145,B,乌萨斯突击者,ELITE,282,26250,250,7500,550,500,50.0,2.20,145,B,181,C,150,B,109,B,150,B,141,B,67,A,156,B
all,146,B,采掘苦工,NORMAL,281,28750,250,11500,1000,400,20.0,4.00,146,B,118,B,143,B,110,B,47,A,154,B,175,B,189,C
all,147,B,寻路密探长,NORMAL,278,19000,261,8000,600,350,20.0,2.30,147,B,166,B,176,C,97,B,138,B,165,B,176,C,157,B
all,148,B,泥岩小队掷能者组长,ELITE,276,30000,192,10000,500,500,30.0,2.60,148,B,143,B,138,B,167,B,163,B,142,B,128,B,128,B
all,149,B,巡游零食商贩,NORMAL,271,49500,113,12000,450,500,20.0,4.00,149,B,116,B,105,B,283,D,176,C,143,B,177,C,129,B
all,150,B,风遁忍者,NORMAL,268,17000,250,8000,500,250,20.0,2.00,150,B,167,B,186,C,111,B,164,B,194,C,178,C,130,B
all,151,B,“未熄”,NORMAL,259,28750,233,10000,700,550,20.0,3.00,151,B,144,B,144,B,121,B,111,B,115,B,179,C,322,E
all,152,B,宿主流浪者,NORMAL,255,24750,217,11000,650,200,30.0,3.00,152,B,120,B,155,B,133,B,120,B,213,C,129,B,158,B
all,153,B,源石的腿脚,NORMAL,255,24750,217,11000,650,200,30.0,3.00,153,B,121,B,156,B,134,B,121,B,214,C,130,B,159,B
all,154,B,心涛,ELITE,250,22800,227,7600,500,500,30.0,2.20,154,B,178,C,162,B,128,B,165,B,144,B,131,B,160,B
all,155,B,无忧货运帮手,NORMAL,249,5625,1000,2500,1000,200,30.0,1.00,155,B,347,F,331,E,6,OP,48,A,215,C,132,B,190,C
all,156,B,机鳄战甲,NORMAL,248,28500,150,9500,750,700,10.0,5.00,156,B,152,B,146,B,231,C,95,A,89,A,285,D,75,A
all,157,B,架桥船工,NORMAL,235,12750,300,6000,600,150,30.0,2.00,157,B,208,C,210,C,75,A,139,B,263,D,133,B,76,A
all,158,B,渴求瞩目的道具师,NORMAL,233,21375,150,9500,300,300,20.0,2.00,158,B,153,B,169,B,232,C,269,D,174,B,180,C,131,B
all,159,B,温泉“流浪汉”,NORMAL,230,17000,234,8000,750,250,20.0,3.20,159,B,168,B,187,C,119,B,96,A,195,C,181,C,132,B
all,160,B,残党资深阵地术师,ELITE,224,82500,46,20000,0,650,60.0,13.00,160,B,48,A,51,A,340,E,347,F,98,B,25,S,133,B
all,161,B,寻路密探,NORMAL,223,14625,217,6500,500,300,20.0,2.30,161,B,199,C,198,C,135,B,166,B,175,B,182,C,161,B
all,162,B,玻璃球打手,NORMAL,223,12750,250,4000,800,250,20.0,3.20,162,B,281,D,211,C,112,B,83,A,196,C,183,C,162,B
all,163,B,提亚卡乌好战者,NORMAL,216,12100,320,5500,320,380,10.0,1.00,163,B,224,C,221,C,64,A,258,D,160,B,286,D,163,B
all,164,B,窃笑鳄鱼,NORMAL,216,12100,320,5500,320,380,10.0,1.00,164,B,225,C,222,C,65,A,259,D,161,B,287,D,164,B
all,165,B,“里子”,NORMAL,211,20000,183,8000,550,300,30.0,3.00,165,B,169,B,173,B,182,C,151,B,176,C,134,B,165,B
all,166,B,密林锋脊裂兽,NORMAL,211,29750,150,10000,450,300,15.0,3.00,166,B,145,B,139,B,233,C,177,C,177,C,267,D,323,E
all,167,B,热烈舞团领舞者,NORMAL,208,29750,120,14000,120,350,10.0,1.00,167,B,95,A,140,B,270,D,334,E,166,B,288,D,166,B
all,168,B,“萨科塔之眼”,NORMAL,207,11688,333,5500,1000,150,30.0,3.00,168,B,226,C,228,C,58,A,49,A,264,D,135,B,191,C
all,169,B,排球重扣车,NORMAL,207,18000,180,8000,450,400,10.0,2.50,169,B,170,B,182,C,187,C,178,C,155,B,289,D,134,B
all,170,B,"拥霜羽兽
",NORMAL,206,28000,114,10000,400,200,20.0,3.50,170,B,146,B,147,B,282,D,191,C,216,C,184,C,135,B
all,171,B,访问团强攻冠军,NORMAL,203,15750,217,7000,650,400,10.0,3.00,171,B,189,C,192,C,136,B,122,B,156,B,290,D,167,B
all,172,B,节日零食商贩,NORMAL,202,41250,75,10000,300,500,20.0,4.00,172,B,147,B,116,B,320,E,270,D,145,B,185,C,136,B
all,173,B,萨卡兹子裔工匠组长,NORMAL,200,19000,190,8000,380,350,20.0,2.00,173,B,171,B,177,C,169,B,209,C,167,B,186,C,192,C
all,174,B,山海众掌令使,NORMAL,199,23375,140,11000,420,250,20.0,3.00,174,B,122,B,161,B,246,C,188,C,197,C,187,C,168,B
all,175,B,雷遁宗师,NORMAL,190,10500,100,7000,350,100,10.0,3.50,175,B,190,C,235,C,293,D,229,C,319,E,291,D,137,B
all,176,B,遮天面包机·果酱款,NORMAL,189,20250,160,9000,400,300,20.0,2.50,176,C,156,B,171,B,217,C,192,C,178,C,188,C,193,C
all,177,B,街头火舞明星,NORMAL,188,18063,163,8500,650,350,10.0,4.00,177,C,160,B,180,C,214,C,123,B,168,B,292,D,169,B
all,178,B,异质源石虫·α,NORMAL,186,15750,200,6000,400,100,20.0,2.00,178,C,209,C,193,C,156,B,193,C,320,E,189,C,194,C
all,179,B,"惊艳事热衷者
",NORMAL,186,14400,240,7200,600,200,20.0,2.50,179,C,187,C,199,C,118,B,140,B,217,C,190,C,324,E
all,180,C,残党阵地术师,ELITE,185,56250,46,15000,0,500,60.0,13.00,180,C,89,A,91,A,341,F,348,F,146,B,26,S,138,B
all,181,C,萨卡兹枯朽战士组长,NORMAL,185,17325,180,5500,450,100,20.0,2.50,181,C,227,C,185,C,188,C,179,C,321,E,191,C,195,C
all,182,C,可汗片影,NORMAL,184,12000,233,4000,700,500,30.0,3.00,182,C,282,D,223,C,122,B,112,B,147,B,136,B,170,B
all,183,C,无胄盟刺客组长,NORMAL,176,12375,227,5500,500,300,20.0,2.20,183,C,228,C,215,C,129,B,167,B,179,C,192,C,196,C
all,184,C,困困荪茸,NORMAL,175,30800,100,8000,350,500,20.0,3.50,184,C,172,B,133,B,294,D,230,C,148,B,193,C,325,E
all,185,C,大名碎壳螈,NORMAL,172,23750,113,10000,450,300,25.0,4.00,185,C,148,B,160,B,284,D,180,C,180,C,158,B,197,C
all,186,C,霜劫·争,NORMAL,171,25025,117,11000,350,360,15.0,3.00,186,C,123,B,153,B,275,D,231,C,162,B,268,D,326,E
all,187,C,热烈舞团独舞者,NORMAL,170,24000,100,12000,100,300,10.0,1.00,187,C,117,B,159,B,295,D,336,E,181,C,293,D,171,B
all,188,C,游击队猎犬pro,NORMAL,168,7125,300,3800,420,150,20.0,1.40,188,C,306,D,301,D,76,A,189,C,265,D,194,C,327,E
all,189,C,疲倦道具师,NORMAL,164,16000,100,8000,200,200,20.0,2.00,189,C,173,B,190,C,296,D,318,E,218,C,195,C,139,B
all,190,C,巫王乐团小号手,NORMAL,164,19600,125,7000,250,250,15.0,2.00,190,C,191,C,174,B,265,D,307,D,198,C,269,D,198,C
all,191,C,访问团强攻手,NORMAL,163,12000,183,6000,550,300,10.0,3.00,191,C,210,C,224,C,183,C,152,B,182,C,294,D,172,B
all,192,C,萨卡兹征用尖端无人机,NORMAL,161,16200,144,9000,650,220,10.0,4.50,192,C,157,B,189,C,243,C,124,B,209,C,295,D,199,C
all,193,C,深池弩炮队长,NORMAL,161,17813,120,7500,600,350,20.0,5.00,193,C,182,C,183,C,271,D,141,B,169,B,196,C,173,B
all,194,C,好外号热衷者,NORMAL,161,13000,200,6500,500,200,20.0,2.50,194,C,200,C,208,C,157,B,168,B,219,C,197,C,328,E
all,195,C,执拗的收音师,NORMAL,159,8750,200,5000,400,150,15.0,2.00,195,C,241,C,264,D,158,B,194,C,266,D,270,D,200,C
all,196,C,游击队战士组长,NORMAL,159,10688,165,4500,330,350,20.0,2.00,196,C,260,D,234,C,210,C,254,C,170,B,198,C,201,C
all,197,C,迂回的“匕现”,NORMAL,159,13200,133,6000,400,280,20.0,3.00,197,C,211,C,206,C,257,D,195,C,193,C,199,C,202,C
all,198,C,精致糖果车,NORMAL,159,7600,300,3800,300,200,20.0,1.00,198,C,307,D,290,D,77,A,271,D,220,C,200,C,203,C
all,199,C,山海众游勇,NORMAL,159,12000,192,6000,480,200,20.0,2.50,199,C,212,C,225,C,168,B,174,B,221,C,201,C,204,C
all,200,C,宿主拾荒者,NORMAL,158,12450,167,6000,500,130,30.0,3.00,200,C,213,C,214,C,206,C,169,B,301,D,137,B,174,B
all,201,C,排球发球车,NORMAL,158,13500,140,6000,350,400,10.0,2.50,201,C,214,C,203,C,247,C,232,C,157,B,296,D,140,B
all,202,C,乌萨斯裂兽族母,NORMAL,155,8050,300,4600,450,100,20.0,1.50,202,C,259,D,280,D,78,A,181,C,322,E,202,C,329,E
all,203,C,慷慨之赐,NORMAL,154,9000,200,3000,800,200,20.0,4.00,203,C,326,E,256,D,159,B,84,A,222,C,203,C,141,B
all,204,C,萨卡兹枯朽战士,NORMAL,154,14175,152,4500,380,100,20.0,2.50,204,C,261,D,200,C,226,C,210,C,323,E,204,C,205,C
all,205,C,乌萨斯高级突袭弩手,NORMAL,151,11000,187,5500,430,200,20.0,2.30,205,C,229,C,230,C,174,B,186,C,223,C,205,C,206,C
all,206,C,速射劲弩手,NORMAL,151,10313,200,5500,400,250,10.0,2.00,206,C,230,C,239,C,160,B,196,C,199,C,297,D,207,C
all,207,C,遮天面包机,NORMAL,151,15750,132,7000,330,300,20.0,2.50,207,C,192,C,194,C,261,D,255,D,183,C,206,C,208,C
all,208,C,萨卡兹子裔战士组长,NORMAL,150,10238,200,4500,400,210,30.0,2.00,208,C,262,D,240,C,161,B,197,C,211,C,138,B,209,C
all,209,C,家族精英士兵,NORMAL,150,7480,208,4400,375,180,10.0,1.80,209,C,275,D,295,D,146,B,221,C,254,C,298,D,210,C
all,210,C,访问团突击老兵,NORMAL,150,12250,167,7000,500,200,10.0,3.00,210,C,193,C,216,C,207,C,170,B,224,C,299,D,211,C
all,211,C,椰壳蟹,NORMAL,150,22400,100,8000,300,300,10.0,3.00,211,C,174,B,168,B,297,D,272,D,184,C,300,D,330,E
all,212,C,“面子”,NORMAL,148,13500,133,6000,400,200,30.0,3.00,212,C,215,C,204,C,258,D,198,C,225,C,139,B,175,B
all,213,C,街头火舞艺人,NORMAL,147,13000,138,6500,550,300,10.0,4.00,213,C,201,C,209,C,253,C,153,B,185,C,301,D,176,C
all,214,C,萨卡兹子裔工匠,NORMAL,145,12750,150,6000,300,250,20.0,2.00,214,C,216,C,212,C,234,C,273,D,200,C,207,C,212,C
all,215,C,深池暗影术师队长,NORMAL,144,12188,153,6500,460,150,20.0,3.00,215,C,202,C,220,C,225,C,175,B,267,D,208,C,213,C
all,216,C,黑土游击弩手,NORMAL,144,10000,187,5000,430,200,20.0,2.30,216,C,242,C,243,C,175,B,187,C,226,C,209,C,214,C
all,217,C,抱蛋羽兽,NORMAL,144,18375,86,7500,300,150,15.0,3.50,217,C,183,C,179,C,316,E,274,D,268,D,271,D,142,B
all,218,C,冠鸣龙王,NORMAL,143,10794,190,5500,380,135,25.0,2.00,218,C,231,C,231,C,170,B,211,C,300,D,159,B,331,E
all,219,C,糖果车,NORMAL,142,6125,300,3500,300,100,20.0,1.00,219,C,314,E,321,E,79,A,275,D,324,E,210,C,215,C
all,220,C,大君之赐,NORMAL,142,9000,170,3000,680,200,20.0,4.00,220,C,327,E,257,D,199,C,113,B,227,C,211,C,143,B
all,221,C,大君之赐,NORMAL,142,9000,170,3000,680,200,20.0,4.00,221,C,328,E,258,D,200,C,114,B,228,C,212,C,144,B
all,222,C,山海众传令手,NORMAL,141,14063,117,7500,350,150,20.0,3.00,222,C,184,C,201,C,276,D,233,C,269,D,213,C,177,C
all,223,C,空值体,NORMAL,141,8750,229,5000,320,100,20.0,1.40,223,C,243,C,265,D,125,B,260,D,325,E,214,C,332,E
all,224,C,老练拾荒者,NORMAL,140,8450,210,5200,210,150,10.0,1.00,224,C,239,C,270,D,145,B,317,E,270,D,302,D,216,C
all,225,C,异质源石虫,NORMAL,140,11813,150,4500,300,100,20.0,2.00,225,C,263,D,227,C,235,C,276,D,326,E,215,C,217,C
all,226,C,无胄盟刺客,NORMAL,138,9563,182,4500,400,250,20.0,2.20,226,C,264,D,251,C,184,C,199,C,201,C,216,C,218,C
all,227,C,游击队狙击手组长,NORMAL,137,9000,144,4000,390,300,20.0,2.70,227,C,283,D,259,D,244,C,208,C,186,C,217,C,219,C
all,228,C,巫王乐团圆号手,NORMAL,136,25200,67,9000,200,250,15.0,3.00,228,C,158,B,152,B,326,E,319,E,202,C,272,D,220,C
all,229,C,游击队猎犬,NORMAL,134,5438,250,2900,350,150,20.0,1.40,229,C,341,F,334,E,113,B,234,C,271,D,218,C,333,E
all,230,C,霜劫,NORMAL,134,19125,93,9000,280,300,15.0,3.00,230,C,159,B,175,B,311,E,300,D,187,C,273,D,334,E
all,231,C,临时收音师,NORMAL,133,7000,175,4000,350,150,15.0,2.00,231,C,284,D,302,D,195,C,235,C,272,D,274,D,221,C
all,232,C,提亚卡乌神投手,NORMAL,133,6175,262,3800,340,150,10.0,1.30,232,C,308,E,320,E,96,A,251,C,273,D,303,D,222,C
all,233,C,感染者高级纠察官,NORMAL,133,8063,200,4300,400,150,20.0,2.00,233,C,278,D,279,D,162,B,200,C,274,D,219,C,223,C
all,234,C,认真的“阿咬”,NORMAL,132,6500,185,4000,370,150,10.0,2.00,234,C,285,D,309,E,177,C,222,C,275,D,304,D,224,C
all,235,C,残党乐团小号手,NORMAL,132,15750,100,6000,200,200,15.0,2.00,235,C,217,C,195,C,298,D,320,E,229,C,275,D,225,C
all,236,C,投矛的勇士,NORMAL,132,8775,180,5400,450,150,10.0,2.50,236,C,238,C,263,D,189,C,182,C,276,D,305,D,226,C
all,237,C,乌萨斯弩手幸存者,NORMAL,131,8000,196,4000,450,200,20.0,2.30,237,C,286,D,281,D,165,B,183,C,230,C,220,C,227,C
all,238,C,提亚卡乌卫士,NORMAL,129,5490,211,3600,380,110,10.0,1.80,238,C,311,E,332,E,143,B,212,C,318,E,306,D,228,C
all,239,C,联合政府军犬pro,NORMAL,129,6125,271,3500,380,100,20.0,1.40,239,C,315,E,322,E,91,A,213,C,327,E,221,C,335,E
all,240,C,异光体漂游者,NORMAL,129,12710,109,6200,380,120,30.0,3.50,240,C,206,C,213,C,287,D,214,C,306,D,140,B,178,C
all,241,C,深池弩炮手,NORMAL,128,13500,100,6000,500,300,20.0,5.00,241,C,218,C,205,C,299,D,171,B,188,C,222,C,179,C
all,242,C,"碎壳螈
",NORMAL,128,17000,88,8000,350,250,20.0,4.00,242,C,175,B,188,C,315,E,236,C,203,C,223,C,229,C
all,243,C,市井流窜盗贼,NORMAL,127,7750,190,5000,380,120,10.0,2.00,243,C,244,C,286,D,171,B,215,C,307,D,307,D,230,C
all,244,C,“护目镜”帮派打手,NORMAL,127,9240,158,4800,410,220,15.0,2.60,244,C,256,D,255,D,222,C,190,C,210,C,276,D,231,C
all,245,C,游击队战士,NORMAL,127,7425,150,3300,300,300,20.0,2.00,245,C,323,E,296,D,236,C,277,D,189,C,224,C,232,C
all,246,C,山海众散兵,NORMAL,126,9000,160,4500,400,200,20.0,2.50,246,C,265,D,260,D,218,C,201,C,231,C,225,C,233,C
all,247,C,宿主士兵组长,NORMAL,125,8500,167,4000,300,150,30.0,1.80,247,C,287,D,268,D,208,C,278,D,277,D,141,B,234,C
all,248,C,乌萨斯裂兽,NORMAL,125,6125,253,3500,380,100,20.0,1.50,248,C,316,E,323,E,104,B,216,C,328,E,226,C,336,E
all,249,C,布景小丑,NORMAL,124,13838,100,4500,300,120,30.0,3.00,249,C,266,D,202,C,300,D,279,D,308,E,142,B,235,C
all,250,C,富营养的喷吐者,NORMAL,124,10000,107,5000,320,200,20.0,3.00,250,C,245,C,244,C,289,D,261,D,232,C,227,C,236,C
all,251,C,坚冰AS.T,NORMAL,124,13125,117,7000,350,150,20.0,3.00,251,C,194,C,207,C,277,D,237,C,278,D,228,C,337,E
all,252,C,钻石飞翼,NORMAL,124,4500,100,3000,100,100,10.0,1.00,252,C,329,E,346,F,301,D,337,E,329,E,308,E,145,B
all,253,C,富营养的滑动者,NORMAL,123,5850,180,3600,360,150,10.0,2.00,253,C,312,E,329,E,190,C,223,C,279,D,309,E,237,C
all,254,C,固海凿石者,NORMAL,123,10500,120,6000,300,200,10.0,2.50,254,C,219,C,236,C,272,D,280,D,233,C,310,E,180,C
all,255,C,小寄居蟹,NORMAL,123,10500,120,6000,300,200,10.0,2.50,255,D,220,C,237,C,273,D,281,D,234,C,311,E,181,C
all,256,C,新手拾荒者,NORMAL,122,7313,185,4500,185,150,10.0,1.00,256,D,267,D,298,D,178,C,327,E,280,D,312,E,238,C
all,257,C,技术侦察兵,NORMAL,121,12250,108,7000,270,100,20.0,2.50,257,D,195,C,217,C,288,D,305,D,330,E,229,C,239,C
all,258,D,暗潮钳兽·α,NORMAL,121,7700,190,2800,400,400,30.0,2.10,258,D,342,F,288,D,172,B,202,C,158,B,143,B,338,E
all,259,D,速射轻弩手,NORMAL,121,7650,175,4500,350,180,10.0,2.00,259,D,268,D,289,D,196,C,238,C,255,D,313,E,240,C
all,260,D,“匕现”,NORMAL,120,10080,100,4800,300,240,20.0,3.00,260,D,257,D,242,C,302,D,282,D,208,C,230,C,241,C
all,261,D,家族精英弩手,NORMAL,120,9625,136,5500,380,200,10.0,2.80,261,D,232,C,247,C,254,C,217,C,235,C,314,E,242,C
all,262,D,沼泽钳兽,NORMAL,120,8250,175,2000,350,400,30.0,2.00,262,D,352,F,275,D,197,C,239,C,159,B,144,B,339,E
all,263,D,巫王乐团长笛手,NORMAL,120,8125,160,5000,320,150,10.0,2.00,263,D,246,C,277,D,219,C,262,D,281,D,315,E,243,C
all,264,D,萨卡兹子裔战士,NORMAL,118,7380,170,3600,340,120,30.0,2.00,264,D,313,E,297,D,201,C,252,C,309,E,145,B,244,C
all,265,D,家族士兵,NORMAL,118,5425,178,3500,320,120,10.0,1.80,265,D,317,E,335,E,192,C,263,D,310,E,316,E,245,C
all,266,D,喷射背包客,NORMAL,118,7000,200,3500,380,200,20.0,1.90,266,D,318,E,303,D,163,B,218,C,236,C,231,C,340,E
all,267,D,远眺·B,NORMAL,117,10725,117,5500,350,180,20.0,3.00,267,D,233,C,233,C,278,D,240,C,256,D,232,C,246,C
all,268,D,乌萨斯突袭弩手,NORMAL,116,8000,152,4000,350,200,20.0,2.30,268,D,288,D,282,D,227,C,241,C,237,C,233,C,247,C
all,269,D,游击队狙击手,NORMAL,115,6750,136,3000,340,300,20.0,2.50,269,D,330,E,307,D,255,D,253,C,190,C,234,C,248,C
all,270,D,冰原战士队长,NORMAL,115,7500,159,4000,350,150,20.0,2.20,270,D,289,D,291,D,221,C,242,C,282,D,235,C,249,C
all,271,D,冰原猎人队长,NORMAL,115,9375,129,5000,450,150,20.0,3.50,271,D,247,C,252,C,263,D,184,C,283,D,236,C,250,C
all,272,D,开天汽水瓶·酸辣味,NORMAL,114,9750,133,6500,400,100,10.0,3.00,272,D,203,C,245,C,259,D,203,C,331,E,317,E,341,F
all,273,D,恶尘源石虫·α,NORMAL,111,10238,100,6500,400,130,10.0,4.00,273,D,204,C,241,C,303,D,204,C,302,D,318,E,182,C
all,274,D,精锐西西里人,NORMAL,110,6270,175,3800,350,160,10.0,2.00,274,D,309,E,316,E,198,C,243,C,259,D,319,E,251,C
all,275,D,访问团突击新兵,NORMAL,110,8250,133,5500,400,100,10.0,3.00,275,D,234,C,276,D,260,D,205,C,332,E,320,E,252,C
all,276,D,萨卡兹征用工程无人机,NORMAL,109,9750,111,6000,500,150,10.0,4.50,276,D,221,C,246,C,286,D,172,B,284,D,321,E,253,C
all,277,D,残党乐团圆号手,NORMAL,108,21000,50,8000,150,200,15.0,3.00,277,D,176,C,170,B,333,E,329,E,238,C,277,D,254,C
all,278,D,山谷雪灵,NORMAL,108,10500,100,6000,300,150,15.0,3.00,278,D,222,C,238,C,304,D,283,D,285,D,278,D,255,D
all,279,D,感染者纠察官,NORMAL,106,6188,165,3300,330,150,20.0,2.00,279,D,324,E,318,E,211,C,256,D,286,D,237,C,256,D
all,280,D,脊海喷吐者,NORMAL,106,8360,93,4400,280,160,20.0,3.00,280,D,276,D,274,D,312,E,301,D,260,D,238,C,257,D
all,281,D,除秽,NORMAL,105,6013,165,3700,330,150,10.0,2.00,281,D,310,E,325,E,212,C,257,D,287,D,322,E,258,D
all,282,D,小型共生体,NORMAL,104,5250,206,3000,350,200,10.0,1.70,282,D,331,E,337,E,147,B,244,C,239,C,323,E,342,F
all,283,D,市井盗贼,NORMAL,103,6000,160,4000,320,100,10.0,2.00,283,D,290,D,326,E,220,C,264,D,333,E,324,E,259,D
all,284,D,失控的修理小助手,NORMAL,103,5313,180,2500,360,200,25.0,2.00,284,D,348,F,336,E,191,C,224,C,240,C,160,B,260,D
all,285,D,潜水队长,NORMAL,102,8000,119,4000,320,200,20.0,2.70,285,D,291,D,283,D,274,D,265,D,241,C,239,C,261,D
all,286,D,冠鸣龙,NORMAL,102,7000,150,4000,300,100,20.0,2.00,286,D,292,D,304,D,237,C,284,D,334,E,240,C,343,F
all,287,D,蓝冠羽镖客,NORMAL,102,9000,117,4500,350,100,30.0,3.00,287,D,269,D,261,D,279,D,245,C,335,E,146,B,344,F
all,288,D,富营养的飘航者,NORMAL,101,8500,83,4000,250,250,20.0,3.00,288,D,293,D,269,D,317,E,308,E,204,C,241,C,262,D
all,289,D,“护目镜”帮派窃贼,NORMAL,100,7300,123,4000,320,180,15.0,2.60,289,D,294,D,299,D,269,D,266,D,257,D,279,D,263,D
all,290,D,残党乐团长笛手,NORMAL,100,6500,140,4000,280,150,10.0,2.00,290,D,295,D,310,E,248,C,302,D,288,D,325,E,264,D
all,291,D,联合政府军犬,NORMAL,100,4375,229,2500,320,100,20.0,1.40,291,D,349,F,351,F,126,B,267,D,336,E,242,C,345,F
all,292,D,微核沉积者,NORMAL,100,11250,80,4500,400,500,10.0,5.00,292,D,270,D,229,C,319,E,206,C,149,B,326,E,265,D
all,293,D,投矛的士兵,NORMAL,100,6300,144,4200,360,100,10.0,2.50,293,D,279,D,314,E,245,C,225,C,337,E,327,E,266,D
all,294,D,“阿咬”,NORMAL,99,4650,145,3000,290,120,10.0,2.00,294,D,332,E,343,F,239,C,296,D,311,E,328,E,267,D
all,295,D,去蚀,NORMAL,99,7150,125,4400,350,150,10.0,2.80,295,D,277,D,300,D,266,D,246,C,289,D,329,E,268,D
all,296,D,清醒的墨魉,NORMAL,99,4650,145,3000,290,120,10.0,2.00,296,D,333,E,344,F,240,C,297,D,312,E,330,E,269,D
all,297,D,市井流窜猎手,NORMAL,96,8400,100,4800,350,200,10.0,3.50,297,D,258,D,273,D,305,D,247,C,242,C,331,E,270,D
all,298,D,深池暗影术师,NORMAL,96,8438,100,4500,300,150,20.0,3.00,298,D,271,D,271,D,306,D,285,D,290,D,243,C,271,D
all,299,D,荒地鼷兽,NORMAL,96,4650,200,3000,400,120,10.0,2.00,299,D,334,E,345,F,164,B,207,C,313,E,332,E,346,F
all,300,D,骨海漂流体,NORMAL,95,6500,125,4000,250,150,10.0,2.00,300,D,296,D,311,E,267,D,309,E,291,D,333,E,272,D
all,301,D,底海滑动者,NORMAL,94,4410,140,2800,280,130,10.0,2.00,301,D,343,F,350,F,249,C,303,D,303,D,334,E,273,D
all,302,D,坚冰,NORMAL,94,8750,100,5000,300,100,20.0,3.00,302,D,248,C,266,D,307,D,286,D,338,E,244,C,347,F
all,303,D,开天汽水瓶,NORMAL,94,7500,117,5000,350,100,10.0,3.00,303,D,249,C,292,D,280,D,248,C,339,E,335,E,348,F
all,304,D,训练用钳兽,NORMAL,93,5750,152,2000,380,450,30.0,2.50,304,D,353,F,330,E,228,C,219,C,151,B,147,B,349,F
all,305,D,提亚卡乌投矛手,NORMAL,92,4200,185,2800,240,100,10.0,1.30,305,D,344,F,354,F,179,C,314,E,340,E,336,E,274,D
all,306,D,果冻丁,NORMAL,92,4375,193,2500,290,100,20.0,1.50,306,D,350,F,352,F,166,B,298,D,341,F,245,C,350,F
all,307,D,家族弩手,NORMAL,91,7000,107,4000,300,200,10.0,2.80,307,D,297,D,305,D,290,D,287,D,243,C,337,E,275,D
all,308,E,恶尘源石虫,NORMAL,90,9000,75,6000,300,100,10.0,4.00,308,E,223,C,262,D,321,E,288,D,342,F,338,E,183,C
all,309,E,“两栖号”船车,NORMAL,90,14700,50,4200,500,700,30.0,10.00,309,E,280,D,197,C,334,E,173,B,90,A,148,B,276,D
all,310,E,雪顽童,NORMAL,90,12250,60,7000,300,200,10.0,5.00,310,E,196,C,218,C,330,E,289,D,244,C,339,E,277,D
all,311,E,夜色雪球,NORMAL,90,12250,60,7000,300,200,10.0,5.00,311,E,197,C,219,C,331,E,290,D,245,C,340,E,278,D
all,312,E,冰原战士,NORMAL,89,5250,136,3000,300,100,20.0,2.20,312,E,335,E,338,E,256,D,291,D,343,F,246,C,279,D
all,313,E,宿主士兵,NORMAL,88,5000,139,2500,250,100,30.0,1.80,313,E,351,F,341,F,250,C,310,E,344,F,149,B,280,D
all,314,E,暗潮钳兽,NORMAL,87,4500,167,1800,350,300,30.0,2.10,314,E,355,F,347,F,209,C,249,C,191,C,150,B,351,F
all,315,E,见习祭司学徒,NORMAL,87,9625,72,5500,360,100,20.0,5.00,315,E,235,C,248,C,324,E,226,C,345,F,247,C,281,D
all,316,E,莱塔尼亚叛兵组长,NORMAL,86,7500,90,4000,180,150,20.0,2.00,316,E,298,D,293,D,313,E,328,E,292,D,248,C,282,D
all,317,E,远眺,NORMAL,86,8100,83,4500,250,120,20.0,3.00,317,E,272,D,278,D,318,E,311,E,314,E,249,C,283,D
all,318,E,秽,NORMAL,85,4500,145,3000,290,100,10.0,2.00,318,E,336,E,348,F,241,C,299,D,346,F,341,F,284,D
all,319,E,迷茫的修理小助手,NORMAL,84,4250,150,2000,300,200,25.0,2.00,319,E,354,F,353,F,238,C,292,D,246,C,161,B,285,D
all,320,E,“街头音乐家”,NORMAL,84,6200,103,4000,360,120,10.0,3.50,320,E,299,D,317,E,292,D,227,C,315,E,342,F,286,D
all,321,E,血色异种菌,NORMAL,84,18750,26,6250,130,700,10.0,5.00,321,E,205,C,178,C,345,F,332,E,91,A,343,F,287,D
all,322,E,冰原猎人,NORMAL,82,6125,100,3500,350,100,20.0,3.50,322,E,319,E,324,E,308,E,250,C,347,F,250,C,288,D
all,323,E,匪帮窃贼头目,NORMAL,81,11900,50,7000,100,180,10.0,2.00,323,E,198,C,226,C,335,E,338,E,258,D,344,F,289,D
all,324,E,巫术石球,NORMAL,81,6000,100,3000,200,200,20.0,2.00,324,E,337,E,327,E,309,E,321,E,247,C,251,C,290,D
all,325,E,浮海飘航者,NORMAL,80,6000,73,3000,220,200,20.0,3.00,325,E,338,E,328,E,323,E,316,E,248,C,252,C,291,D
all,326,E,隐形弩手组长,NORMAL,79,4928,115,2700,310,130,20.0,2.70,326,E,345,F,342,F,281,D,268,D,304,D,253,C,292,D
all,327,E,惊躁伏翼兽,NORMAL,79,8438,67,4500,200,150,20.0,3.00,327,E,273,D,272,D,327,E,322,E,293,D,254,C,293,D
all,328,E,蚀,NORMAL,79,5250,107,3500,300,100,10.0,2.80,328,E,320,E,339,E,291,D,293,D,348,F,345,F,294,D
all,329,E,潜水员,NORMAL,78,6188,89,3300,240,150,20.0,2.70,329,E,325,E,319,E,314,E,315,E,294,D,255,D,295,D
all,330,E,西西里人,NORMAL,75,4050,125,2700,250,100,10.0,2.00,330,E,346,F,355,F,268,D,312,E,349,F,346,F,296,D
all,331,E,市井猎手,NORMAL,72,6500,71,4000,250,150,10.0,3.50,331,E,300,D,312,E,325,E,313,E,295,D,347,F,297,D
all,332,E,仁慈之触,NORMAL,72,3375,152,1500,380,100,10.0,2.50,332,E,357,F,356,F,229,C,220,C,350,F,348,F,352,F
all,333,E,狂奔的斐迪庇第斯,NORMAL,71,22800,20,9600,100,300,25.0,5.00,333,E,150,B,163,B,347,F,339,E,192,C,162,B,298,D
all,334,E,洞栖雪灵,NORMAL,70,6750,67,4500,200,100,10.0,3.00,334,E,274,D,308,E,328,E,323,E,351,F,349,F,299,D
all,335,E,异种菌,NORMAL,69,15000,22,5000,110,700,10.0,5.00,335,E,250,C,196,C,346,F,335,E,92,A,350,F,300,D
all,336,E,新手祭司学徒,NORMAL,68,7000,60,4000,300,100,20.0,5.00,336,E,301,D,306,D,332,E,294,D,352,F,256,D,301,D
all,337,E,新生血裔,NORMAL,66,8000,50,4000,100,200,20.0,2.00,337,E,302,D,284,D,336,E,340,E,249,C,257,D,302,D
all,338,E,橡胶弹狙击手,NORMAL,66,5250,75,3500,300,100,10.0,4.00,338,E,321,E,340,E,322,E,295,D,353,F,351,F,303,D
all,339,E,匪帮窃贼,NORMAL,65,7750,50,5000,100,120,10.0,2.00,339,E,251,C,287,D,337,E,341,F,316,E,352,F,304,D
all,340,E,雪孩子,NORMAL,65,9625,40,5500,200,200,10.0,5.00,340,E,236,C,249,C,342,F,324,E,250,C,353,F,305,D
all,341,F,蓬松雪球,NORMAL,65,9625,40,5500,200,200,10.0,5.00,341,F,237,C,250,C,343,F,325,E,251,C,354,F,306,D
all,342,F,莱塔尼亚叛兵,NORMAL,63,5475,65,3000,130,130,20.0,2.00,342,F,339,E,333,E,329,E,333,E,305,D,258,D,307,D
all,343,F,大君之触,NORMAL,61,3375,112,1500,280,100,10.0,2.50,343,F,358,F,357,F,285,D,304,D,354,F,355,F,353,F
all,344,F,狙击步兵组长,NORMAL,60,6500,50,4000,200,150,10.0,4.00,344,F,303,D,313,E,338,E,326,E,296,D,356,F,308,E
all,345,F,伏翼兽,NORMAL,59,6300,50,3500,150,120,20.0,3.00,345,F,322,E,315,E,339,E,330,E,317,E,259,D,309,E
all,346,F,小跑的斐迪庇第斯,NORMAL,59,16000,20,8000,100,200,20.0,5.00,346,F,177,C,191,C,348,F,342,F,252,C,260,D,310,E
all,347,F,隐形弩手,NORMAL,58,3150,96,1800,260,100,20.0,2.70,347,F,356,F,358,F,310,E,306,D,355,F,261,D,311,E
all,348,F,狙击步兵,NORMAL,43,4500,38,3000,150,100,10.0,4.00,348,F,340,E,349,F,344,F,331,E,356,F,357,F,312,E
all,349,F,御4,NORMAL,0,7500,0,4000,0,150,20.0,2.00,349,F,304,D,294,D,349,F,349,F,297,D,262,D,313,E
all,350,F,萨卡兹哨兵,NORMAL,0,8000,0,4000,0,100,30.0,1.00,350,F,305,D,285,D,350,F,350,F,357,F,151,B,314,E
all,351,F,萨卡兹哨兵组长,NORMAL,0,10750,0,5000,0,160,30.0,1.00,351,F,252,C,232,C,351,F,351,F,261,D,152,B,315,E
all,352,F,赞助无人机,NORMAL,0,9375,0,5000,0,150,20.0,1.00,352,F,253,C,253,C,352,F,352,F,298,D,263,D,354,F
all,353,F,斗志昂扬无人机,NORMAL,0,9375,0,5000,0,150,20.0,1.00,353,F,254,C,254,C,353,F,353,F,299,D,264,D,355,F
all,354,F,变异食肉植物,NORMAL,0,24375,0,13000,0,250,10.0,2.50,354,F,102,B,157,B,354,F,354,F,205,C,358,F,184,C
all,355,F,积雪银凇,NORMAL,0,22500,0,7500,0,600,20.0,1.00,355,F,185,C,166,B,355,F,355,F,108,B,265,D,356,F
all,356,F,二手廉价无人机,NORMAL,0,8750,0,5000,0,100,20.0,1.00,356,F,255,D,267,D,356,F,356,F,358,F,266,D,357,F
all,357,F,二手改装无人机,NORMAL,0,22500,0,10000,0,200,30.0,1.00,357,F,149,B,167,B,357,F,357,F,253,C,153,B,358,F
all,358,F,移动电源,NORMAL,0,17813,0,7500,0,250,30.0,3.00,358,F,186,C,184,C,358,F,358,F,206,C,154,B,316,E
boss,1,S,坎诺特,BOSS,9031,1300000,1650,100000,0,4000,80.0,1.00,1,S,2,A,3,B,1,S,9,E,1,S,1,S,7,C
boss,2,A,熔戈者，护王余火,BOSS,6845,750000,1417,100000,3000,2000,60.0,4.50,2,A,3,B,7,C,3,B,1,S,5,C,5,C,4,B
boss,3,B,特雷西斯，黑冠尊主,BOSS,6512,1631250,650,150000,3000,2000,50.0,6.00,3,B,1,S,2,A,8,D,2,A,6,C,6,C,6,C
boss,4,B,杜卡雷，“君主之红”,BOSS,6270,1282500,633,100000,2000,1000,50.0,6.00,4,B,4,B,4,B,9,E,6,C,8,D,7,C,1,S
boss,5,B,“阿米娅”,BOSS,5865,936000,1350,40000,3000,4000,80.0,5.00,5,C,9,E,5,C,4,B,3,B,2,A,2,A,2,A
boss,6,C,“迷迭香”，虚实之握,BOSS,5738,641250,1500,50000,2000,1000,50.0,4.00,6,C,7,C,8,D,2,A,7,C,9,E,8,D,9,E
boss,7,C,最后的骑士,BOSS,5697,2295000,721,100000,2000,4000,70.0,3.50,7,C,5,C,1,S,7,C,8,D,3,B,4,B,8,D
boss,8,D,熔戈者，护王余火,BOSS,4790,420000,1239,70000,2200,1500,50.0,4.50,8,D,6,C,9,E,5,C,5,C,7,C,9,E,5,C
boss,9,E,“祟”,BOSS,4789,936000,900,40000,3000,4000,80.0,5.00,9,E,10,F,6,C,6,C,4,B,4,B,3,B,3,B
boss,10,F,饮泣之刺,BOSS,1562,237500,300,50000,0,1000,50.0,5.00,10,F,8,D,10,F,10,F,10,F,10,F,10,F,10,F
elite,1,OP,巨声,ELITE,1770,445500,489,30000,1500,1200,60.0,3.50,1,OP,1,OP,1,OP,21,A,1,OP,12,S,1,OP,19,A
elite,2,OP,直球队坚定守门员,ELITE,1716,297000,587,30000,1400,1300,50.0,3.00,2,OP,2,OP,2,OP,8,S,9,S,8,S,22,A,58,C
elite,3,OP,直球队守门员,ELITE,1441,236250,520,25000,1200,1200,50.0,3.00,3,S,8,S,4,S,11,S,14,A,13,A,23,A,59,C
elite,4,S,裹骸死士,ELITE,1105,108000,620,24000,1500,800,60.0,3.00,4,S,18,A,29,A,4,S,2,OP,42,B,2,OP,20,A
elite,5,S,挥铳圣像,ELITE,1102,112500,750,25000,1500,1000,40.0,2.00,5,S,9,S,26,A,1,OP,3,S,21,A,61,C,21,A
elite,6,S,直球队坚定击球手,ELITE,1093,188100,480,22000,900,1100,40.0,2.50,6,S,21,A,9,S,22,A,39,B,20,A,62,C,111,F
elite,7,S,直球队坚定击人手,ELITE,1086,162000,550,18000,1100,1200,40.0,2.00,7,S,43,B,12,S,10,S,22,A,14,A,63,C,112,F
elite,8,S,指挥官厄尔苏拉,ELITE,1075,229500,276,30000,800,800,50.0,3.70,8,S,3,S,6,S,61,C,51,B,43,B,24,A,1,OP
elite,9,S,渎罪奇美拉,ELITE,1010,236250,300,25000,1200,1200,50.0,5.00,9,S,10,S,5,S,51,B,15,A,15,A,25,A,22,A
elite,10,S,集团军中坚盾卫,ELITE,972,262500,250,25000,950,1800,60.0,3.80,10,S,11,S,3,S,70,C,37,B,1,OP,3,S,23,A
elite,11,S,马特奥的近卫,ELITE,952,178125,385,25000,1300,1200,30.0,4.00,11,S,12,S,10,S,33,B,13,A,16,A,85,D,60,C
elite,12,S,恐怖厨子,ELITE,924,195000,240,20000,1200,1800,40.0,5.00,12,S,26,A,8,S,74,C,16,A,2,OP,64,C,24,A
elite,13,S,直球队击球手,ELITE,921,145800,440,18000,800,1000,40.0,2.50,13,A,44,B,16,A,26,A,52,B,22,A,65,C,113,F
elite,14,A,米奥，热烈的考验者,ELITE,884,142500,280,30000,800,1000,50.0,5.00,14,A,4,S,18,A,58,C,53,B,23,A,26,A,2,OP
elite,15,A,直球队击人手,ELITE,871,114750,500,15000,1000,900,40.0,2.00,15,A,63,C,23,A,14,A,30,A,36,B,66,C,114,F
elite,16,A,乌萨斯战争术师,ELITE,843,127500,330,20000,750,900,40.0,5.00,16,A,27,A,21,A,43,B,64,C,37,B,67,C,61,C
elite,17,A,美声水手长,ELITE,839,112500,343,30000,850,800,30.0,3.00,17,A,5,S,27,A,41,B,49,B,44,B,86,D,25,A
elite,18,A,“左手”泰特斯·白杨,ELITE,828,144000,360,20000,750,700,50.0,2.50,18,A,28,A,17,A,37,B,65,C,62,C,27,A,62,C
elite,19,A,大富翁,ELITE,827,156250,280,25000,1400,1500,60.0,5.00,19,A,13,A,13,A,59,C,10,S,3,S,4,S,3,S
elite,20,A,巫王乐团大提琴家,ELITE,818,210000,175,20000,700,1000,60.0,4.00,20,A,29,A,7,S,103,E,71,C,24,A,5,S,26,A
elite,21,A,反壳龟·缚,ELITE,803,71688,625,18500,500,750,40.0,0.80,21,A,42,B,55,B,3,S,103,E,60,C,68,C,27,A
elite,22,A,“校官”,ELITE,775,101250,380,27000,800,700,40.0,2.50,22,A,7,S,32,B,35,B,54,B,63,C,69,C,4,S
elite,23,A,游击队盾卫组长,ELITE,774,156250,211,25000,800,1500,60.0,3.80,23,A,14,A,14,A,84,D,55,B,4,S,6,S,28,A
elite,24,A,马特奥的亲卫,ELITE,774,114750,395,18000,1100,1000,30.0,4.00,24,A,45,B,24,A,31,B,23,A,25,A,87,D,63,C
elite,25,A,集团军核心指挥官,ELITE,768,65000,750,20000,1500,500,40.0,2.00,25,A,30,A,64,C,2,OP,4,S,91,D,70,C,99,E
elite,26,A,飞腿毛贼,ELITE,763,88000,600,22000,0,700,50.0,1.00,26,A,22,A,37,B,6,S,111,F,64,C,28,A,107,E
elite,27,A,“铣痕”团伙精锐佣兵,ELITE,757,70200,567,19500,1420,640,40.0,2.80,27,A,39,B,57,C,9,S,8,S,76,C,71,C,29,A
elite,28,A,孽罪奇美拉,ELITE,736,171000,220,20000,800,1000,50.0,5.00,28,A,31,B,11,S,82,D,56,C,26,A,29,A,30,A
elite,29,A,无羁的“盛怒”,ELITE,735,64000,500,16000,1500,900,30.0,3.00,29,A,60,C,67,C,15,A,5,S,38,B,88,D,64,C
elite,30,A,岩甲兽·咒,ELITE,735,82875,418,19500,950,950,35.0,4.00,30,A,40,B,40,B,29,A,38,B,34,B,83,D,5,S
elite,31,A,马特奥的警卫,ELITE,713,114750,335,18000,1100,1000,30.0,4.00,31,B,46,B,25,A,42,B,24,A,27,A,89,D,65,C
elite,32,B,传奇战争幽灵,ELITE,705,63000,467,12000,1400,500,60.0,3.00,32,B,85,D,71,C,24,A,11,S,92,D,7,S,66,C
elite,33,B,异光体洋流使者,ELITE,693,64163,520,14500,1200,770,60.0,3.00,33,B,78,C,66,C,12,S,17,A,59,C,8,S,31,B
elite,34,B,血腥厨子,ELITE,687,129375,200,15000,1000,1500,40.0,5.00,34,B,64,C,20,A,88,D,31,B,5,S,72,C,32,B
elite,35,B,鄙瘴,ELITE,680,97200,360,18000,900,500,30.0,2.50,35,B,47,B,33,B,38,B,40,B,93,D,90,D,67,C
elite,36,B,粹影魂灵法骸,ELITE,666,76500,403,18000,1200,800,50.0,3.50,36,B,48,B,47,B,30,A,18,A,45,B,30,A,33,B
elite,37,B,赏金猎人扰乱者队长,ELITE,664,75000,300,20000,750,600,50.0,2.50,37,B,32,B,49,B,52,B,66,C,77,C,31,B,6,S
elite,38,B,倾轧者,ELITE,661,106250,286,25000,1000,1000,30.0,3.50,38,B,15,A,30,A,55,B,32,B,28,A,91,D,34,B
elite,39,B,眩光记录员,ELITE,660,108750,303,29000,730,600,50.0,3.00,39,B,6,S,28,A,50,B,69,C,78,C,32,B,68,C
elite,40,B,爆鸣水手长,ELITE,659,81250,293,25000,700,600,30.0,3.00,40,B,16,A,42,B,54,B,72,C,79,C,92,D,35,B
elite,41,B,深池护卫队精锐成员,ELITE,658,77000,360,22000,750,600,40.0,2.50,41,B,23,A,46,B,39,B,67,C,80,C,73,C,7,S
elite,42,B,集团军盾卫,ELITE,653,140625,211,15000,800,1500,60.0,3.80,42,B,65,C,19,A,85,D,57,C,6,S,9,S,36,B
elite,43,B,岩甲兽,ELITE,652,69750,390,18000,840,850,30.0,4.00,43,B,49,B,60,C,32,B,50,B,41,B,93,D,8,S
elite,44,B,战术防御者组长,ELITE,648,70000,329,10000,700,1000,60.0,2.60,44,B,93,D,59,C,44,B,73,C,29,A,10,S,37,B
elite,45,B,新硎,ELITE,642,50750,614,14000,1350,750,30.0,2.20,45,B,79,C,89,D,5,S,12,S,61,C,94,D,69,C
elite,46,B,残党乐团大提琴家,ELITE,640,149625,150,15000,600,900,60.0,4.00,46,B,66,C,15,A,109,F,87,D,39,B,11,S,38,B
elite,47,B,“受诅者”,ELITE,638,96250,176,22000,880,950,40.0,5.00,47,B,24,A,34,B,102,E,48,B,35,B,74,C,9,S
elite,48,B,不动的“偷闲”,ELITE,630,103500,211,18000,800,1300,60.0,3.80,48,B,50,B,31,B,86,D,58,C,9,S,12,S,39,B
elite,49,B,锋盔骑士团精锐,ELITE,629,93600,320,13000,650,700,50.0,2.50,49,B,82,D,35,B,46,B,81,D,65,C,33,B,70,C
elite,50,B,改进型量产巨像,ELITE,623,115000,200,20000,800,1400,50.0,4.00,50,B,33,B,22,A,89,D,59,C,7,S,34,B,40,B
elite,51,B,高级武装人员,ELITE,619,67500,429,18000,1500,800,30.0,3.50,51,B,51,B,62,C,27,A,6,S,46,B,95,D,71,C
elite,52,B,“大斧”,ELITE,619,67500,429,18000,1500,800,30.0,3.50,52,B,52,B,63,C,28,A,7,S,47,B,96,D,72,C
elite,53,B,家族暗影灭迹人,ELITE,586,74250,350,18000,1050,800,45.0,3.00,53,B,53,B,51,B,40,B,27,A,48,B,58,C,73,C
elite,54,B,复核洋流使者,ELITE,581,49830,470,13200,1050,660,45.0,3.00,54,B,81,D,91,D,23,A,28,A,70,C,59,C,41,B
elite,55,B,万国信使，奥伦,ELITE,577,89125,259,23000,700,550,60.0,2.70,55,B,19,A,36,B,68,C,74,C,85,D,13,A,42,B
elite,56,B,怪葫芦,ELITE,573,36000,500,12000,600,500,30.0,1.20,56,C,86,D,102,E,16,A,88,D,94,D,97,D,43,B
elite,57,B,战争幽灵,ELITE,570,52500,367,10000,1100,500,60.0,3.00,57,C,94,D,85,D,36,B,25,A,95,D,14,A,74,C
elite,58,C,拟南兽（闪光友方）,ELITE,570,87500,281,25000,900,500,50.0,3.20,58,C,17,A,38,B,57,C,41,B,96,D,35,B,75,C
elite,59,C,自助出餐终端原型机,ELITE,545,44000,510,8000,900,1300,50.0,2.00,59,C,105,E,97,D,13,A,42,B,10,S,36,B,76,C
elite,60,C,集团军前线指挥员,ELITE,543,48750,500,15000,1000,500,40.0,2.00,60,C,67,C,93,D,17,A,33,B,97,D,75,C,100,E
elite,61,C,注能魂灵法骸,ELITE,540,63750,317,15000,900,800,50.0,3.50,61,C,68,C,68,C,49,B,43,B,49,B,37,B,44,B
elite,62,C,游击队盾卫,ELITE,538,86250,184,15000,700,1300,60.0,3.80,62,C,69,C,39,B,98,D,75,C,11,S,15,A,45,B
elite,63,C,阿格尼尔神父,ELITE,529,71500,200,22000,900,500,40.0,4.50,63,C,25,A,56,C,90,D,44,B,98,D,76,C,10,S
elite,64,C,泥岩小队践行者组长,ELITE,526,73125,286,13000,1000,800,30.0,3.50,64,C,83,D,52,B,56,C,34,B,50,B,98,D,77,C
elite,65,C,深池护卫队成员,ELITE,526,55250,320,17000,650,500,40.0,2.50,65,C,57,C,81,D,47,B,82,D,99,E,77,C,11,S
elite,66,C,“被弃者”,ELITE,521,78375,144,19000,720,900,35.0,5.00,66,C,41,B,45,B,110,F,70,C,40,B,84,D,12,S
elite,67,C,山雪鬼队长,ELITE,520,80000,216,20000,800,700,50.0,3.70,67,C,34,B,43,B,83,D,60,C,66,C,38,B,13,A
elite,68,C,赏金猎人扰乱者,ELITE,517,52500,260,15000,650,500,50.0,2.50,68,C,70,C,86,D,65,C,83,D,100,E,39,B,14,A
elite,69,C,锋盔骑士团学徒,ELITE,516,72000,280,10000,550,700,50.0,2.50,69,C,95,D,54,B,60,C,98,D,67,C,40,B,78,C
elite,70,C,赏金猎人弩手队长,ELITE,514,65000,260,20000,600,600,30.0,3.00,70,C,35,B,65,C,66,C,89,D,81,D,99,E,101,E
elite,71,C,恶笼草,ELITE,509,30000,600,10000,600,500,30.0,1.00,71,C,96,D,106,E,7,S,90,D,101,E,100,E,46,B
elite,72,C,乌顶巨角卢鲁,ELITE,508,75000,260,20000,1000,800,30.0,5.00,72,C,36,B,50,B,67,C,35,B,51,B,101,E,79,C
elite,73,C,宝箱海怪,ELITE,499,45000,384,12000,550,700,40.0,1.70,73,C,87,D,94,D,34,B,99,E,68,C,78,C,47,B
elite,74,C,帝国前锋百战精锐,ELITE,495,63750,267,15000,1200,800,50.0,4.50,74,C,71,C,69,C,62,C,19,A,52,B,41,B,48,B
elite,75,C,沉沙,ELITE,486,35750,500,11000,1100,600,30.0,2.20,75,C,92,D,103,E,18,A,26,A,82,D,102,E,80,C
elite,76,C,帝国炮火中枢先兆者,ELITE,485,68000,240,16000,1200,800,50.0,5.00,76,C,61,C,61,C,75,C,20,A,53,B,42,B,49,B
elite,77,C,战术防御者,ELITE,485,39200,329,7000,700,800,40.0,2.60,77,C,112,F,100,E,45,B,76,C,54,B,79,C,50,B
elite,78,C,深池塑能术师队长,ELITE,480,72500,240,20000,0,550,50.0,5.00,78,C,37,B,53,B,76,C,112,F,86,D,43,B,81,D
elite,79,C,命定的反派,ELITE,472,70125,188,17000,640,650,60.0,5.00,79,C,58,C,58,C,96,D,86,D,71,C,16,A,82,D
elite,80,C,“慰朽灵幛”,ELITE,467,63000,240,18000,1200,500,50.0,5.00,80,C,54,B,72,C,77,C,21,A,102,E,44,B,51,B
elite,81,C,量产巨像,ELITE,465,78750,163,15000,650,1200,50.0,4.00,81,D,72,C,44,B,105,E,84,D,17,A,45,B,52,B
elite,82,C,寻路者知名甜品商,ELITE,462,75938,180,22500,600,650,30.0,5.00,82,D,20,A,48,B,100,E,91,D,72,C,103,E,15,A
elite,83,D,寻路者信使,ELITE,452,63750,222,17000,600,500,60.0,2.70,83,D,59,C,70,C,81,D,92,D,103,E,17,A,53,B
elite,84,D,Dor-γ号改造体,ELITE,447,59063,200,7500,600,1200,50.0,3.00,84,D,110,F,74,C,91,D,93,D,18,A,46,B,83,D
elite,85,D,箱形恐鱼,ELITE,445,30000,500,10000,600,500,30.0,1.20,85,D,97,D,107,E,19,A,94,D,104,E,104,E,84,D
elite,86,D,巨壳藤蔓,ELITE,445,30000,500,10000,600,500,30.0,1.20,86,D,98,D,108,E,20,A,95,D,105,E,105,E,85,D
elite,87,D,泥岩小队践行者,ELITE,437,56250,257,10000,900,800,30.0,3.50,87,D,99,E,78,C,69,C,45,B,55,B,106,E,86,D
elite,88,D,“偷闲”,ELITE,437,57000,184,12000,700,1000,50.0,3.80,88,D,88,D,77,C,99,E,77,C,30,A,47,B,54,B
elite,89,D,家族灭迹人,ELITE,418,49500,267,12000,800,800,45.0,3.00,89,D,89,D,92,D,63,C,61,C,56,C,60,C,87,D
elite,90,D,武装人员,ELITE,408,42000,300,12000,1050,700,30.0,3.50,90,D,90,D,98,D,53,B,29,A,69,C,107,E,88,D
elite,91,D,内测版自助出餐终端,ELITE,405,27000,460,6000,800,1000,40.0,2.00,91,D,113,F,110,F,25,A,62,C,31,B,80,C,89,D
elite,92,D,帝国炮火先兆者,ELITE,399,55250,200,13000,1000,800,50.0,5.00,92,D,84,D,82,D,92,D,36,B,57,C,48,B,55,B
elite,93,D,弧光锋卫长,ELITE,399,54250,267,14000,800,650,50.0,3.00,93,D,80,C,84,D,64,C,63,C,73,C,49,B,108,E
elite,94,D,赏金猎人弩手,ELITE,399,45000,227,15000,500,500,30.0,3.00,94,D,73,C,95,D,79,C,104,E,106,E,108,E,102,E
elite,95,D,“迷迭香”的无人机,ELITE,398,50625,200,10000,700,550,40.0,5.00,95,D,100,E,90,D,93,D,78,C,87,D,81,D,90,D
elite,96,D,活性态萨卡兹术师结晶,ELITE,391,55000,210,10000,600,1200,60.0,4.00,96,D,101,E,83,D,87,D,96,D,19,A,18,A,91,D
elite,97,D,寻路者甜品商,ELITE,384,59063,160,17500,500,650,30.0,5.00,97,D,56,C,75,C,107,E,105,E,74,C,109,F,16,A
elite,98,D,帝国前锋精锐,ELITE,383,51000,200,12000,900,800,50.0,4.50,98,D,91,D,88,D,94,D,46,B,58,C,50,B,56,C
elite,99,E,山雪鬼,ELITE,378,56250,162,15000,600,600,50.0,3.70,99,E,74,C,79,C,106,E,97,D,83,D,51,B,17,A
elite,100,E,高能瓦斯车,ELITE,372,45000,157,15000,550,500,30.0,3.50,100,E,75,C,96,D,108,E,100,E,107,E,110,F,18,A
elite,101,E,“灵幛”,ELITE,369,52500,180,15000,900,500,50.0,5.00,101,E,76,C,87,D,101,E,47,B,108,E,52,B,57,C
elite,102,E,乌萨斯突击者队长,ELITE,367,35000,318,10000,700,500,50.0,2.20,102,E,102,E,105,E,48,B,79,C,109,F,53,B,103,E
elite,103,E,萨卡兹子裔链术师组长,ELITE,325,58000,138,16000,550,550,50.0,4.00,103,E,62,C,76,C,111,F,101,E,88,D,54,B,92,D
elite,104,E,残党首席小提琴家,ELITE,323,60750,130,18000,650,550,40.0,5.00,104,E,55,B,73,C,112,F,85,D,89,D,82,D,93,D
elite,105,E,骇笑看客,ELITE,319,26000,250,8000,750,600,30.0,3.00,105,E,106,E,112,F,71,C,68,C,84,D,111,F,104,E
elite,106,E,Dor-3号改造体,ELITE,317,35625,167,5000,500,1000,50.0,3.00,106,E,114,F,104,E,104,E,106,E,32,B,55,B,94,D
elite,107,E,稳定态萨卡兹术师结晶,ELITE,313,40000,185,8000,500,1000,60.0,4.00,107,E,107,E,99,E,97,D,107,E,33,B,19,A,95,D
elite,108,E,弧光锋卫,ELITE,305,36250,233,10000,700,550,50.0,3.00,108,E,103,E,101,E,78,C,80,C,90,D,56,C,109,F
elite,109,F,“红标”精英渗透者,ELITE,294,24000,250,8000,500,500,30.0,2.00,109,F,108,E,113,F,72,C,108,E,110,F,112,F,110,F
elite,110,F,乌萨斯突击者,ELITE,282,26250,250,7500,550,500,50.0,2.20,110,F,111,F,111,F,73,C,102,E,111,F,57,C,105,E
elite,111,F,泥岩小队掷能者组长,ELITE,276,30000,192,10000,500,500,30.0,2.60,111,F,104,E,109,F,95,D,109,F,112,F,113,F,96,D
elite,112,F,心涛,ELITE,250,22800,227,7600,500,500,30.0,2.20,112,F,109,F,114,F,80,C,110,F,113,F,114,F,106,E
elite,113,F,残党资深阵地术师,ELITE,224,82500,46,20000,0,650,60.0,13.00,113,F,38,B,41,B,113,F,113,F,75,C,20,A,97,D
elite,114,F,残党阵地术师,ELITE,185,56250,46,15000,0,500,60.0,13.00,114,F,77,C,80,C,114,F,114,F,114,F,21,A,98,D
normal,1,OP,龙卷风忍者,NORMAL,491,39900,500,12000,750,350,20.0,1.50,1,OP,10,S,10,S,2,OP,14,S,39,A,39,A,38,A
normal,2,OP,勤奋的钻头,NORMAL,447,47250,250,13500,750,800,20.0,3.00,2,OP,6,S,5,OP,26,A,15,S,3,OP,40,A,12,S
normal,3,OP,覆面大锤客,NORMAL,437,56250,257,10000,900,800,30.0,3.50,3,OP,24,S,1,OP,24,S,6,S,4,OP,1,OP,13,S
normal,4,OP,群集之瘴,NORMAL,401,40500,300,10000,750,200,30.0,2.50,4,OP,25,S,9,S,11,S,16,S,88,B,2,OP,14,S
normal,5,OP,度假区越野车,NORMAL,383,37500,214,15000,750,500,10.0,3.50,5,OP,1,OP,12,S,46,A,17,S,16,S,156,C,2,OP
normal,6,OP,风遁宗师,NORMAL,364,28500,275,12000,550,300,25.0,2.00,6,S,11,S,26,A,19,S,37,A,47,A,31,A,15,S
normal,7,OP,朗姆酒推荐者,NORMAL,357,28875,333,10500,1000,500,20.0,3.00,7,S,22,S,22,S,5,OP,1,OP,17,S,41,A,16,S
normal,8,S,假酒海盗,NORMAL,357,28875,333,10500,1000,500,20.0,3.00,8,S,23,S,23,S,6,S,2,OP,18,S,42,A,17,S
normal,9,S,巨大雪球投手,NORMAL,353,32500,267,10000,800,700,20.0,3.00,9,S,26,A,15,S,21,S,9,S,8,S,43,A,3,OP
normal,10,S,荒神大喰怪,NORMAL,353,55463,156,14500,625,880,25.0,4.00,10,S,3,OP,2,OP,106,B,32,A,2,OP,32,A,4,OP
normal,11,S,赛场无赖射手,NORMAL,342,45000,167,15000,500,500,30.0,3.00,11,S,2,OP,6,S,89,B,44,A,19,S,3,OP,39,A
normal,12,S,过气水手,NORMAL,339,35000,229,10000,800,800,20.0,3.50,12,S,27,A,14,S,35,A,10,S,5,OP,44,A,5,OP
normal,13,S,改装排污车,NORMAL,337,37500,167,12000,750,750,10.0,4.50,13,S,12,S,13,S,90,B,18,S,7,S,157,C,6,S
normal,14,S,翠梦使者,NORMAL,332,30281,215,9500,430,350,10.0,2.00,14,S,37,A,19,S,45,A,67,B,40,A,158,C,1,OP
normal,15,S,枯焦锋脊裂兽,NORMAL,324,47775,220,13000,550,400,25.0,2.50,15,S,7,S,4,OP,40,A,38,A,28,A,33,A,197,D
normal,16,S,扶桥老手,NORMAL,322,20000,360,8000,720,300,30.0,2.00,16,S,47,A,48,A,4,OP,21,S,48,A,4,OP,7,S
normal,17,S,萨卡兹迷宫归乡者,NORMAL,313,32500,229,10000,800,700,20.0,3.50,17,S,28,A,16,S,36,A,11,S,9,S,45,A,18,S
normal,18,S,家族恫吓者,NORMAL,309,31500,167,9000,500,900,10.0,3.00,18,S,40,A,17,S,91,B,45,A,1,OP,159,C,8,S
normal,19,S,咸鳞汁推荐者,NORMAL,305,24750,283,9000,850,500,20.0,3.00,19,S,41,A,32,A,17,S,8,S,20,S,46,A,19,S
normal,20,S,标枪恐鱼,NORMAL,298,26250,200,12500,700,240,20.0,3.50,20,S,9,S,29,A,51,A,22,S,83,B,47,A,20,S
normal,21,S,提亚卡乌撕裂者,NORMAL,291,18000,389,7500,350,460,10.0,0.90,21,S,60,A,57,A,3,OP,110,B,26,A,160,C,40,A
normal,22,S,温泉“泥石流浪汉”,NORMAL,289,22500,281,10000,900,300,20.0,3.20,22,S,29,A,40,A,18,S,7,S,49,A,48,A,21,S
normal,23,S,食腐野兽,NORMAL,288,22500,306,12000,550,150,20.0,1.80,23,S,13,S,41,A,10,S,39,A,138,C,49,A,41,A
normal,24,S,大喰怪,NORMAL,288,42000,138,12000,550,800,20.0,4.00,24,S,14,S,7,S,131,C,40,A,6,S,50,A,9,S
normal,25,S,平剑客,NORMAL,285,38500,125,14000,500,400,30.0,4.00,25,S,4,OP,11,S,142,C,46,A,29,A,5,OP,22,S
normal,26,S,采掘苦工,NORMAL,281,28750,250,11500,1000,400,20.0,4.00,26,A,17,S,24,S,27,A,3,OP,30,A,51,A,69,B
normal,27,S,寻路密探长,NORMAL,278,19000,261,8000,600,350,20.0,2.30,27,A,48,A,52,A,23,S,33,A,41,A,52,A,42,A
normal,28,S,巡游零食商贩,NORMAL,271,49500,113,12000,450,500,20.0,4.00,28,A,15,S,3,OP,161,C,58,A,21,S,53,A,23,S
normal,29,A,风遁忍者,NORMAL,268,17000,250,8000,500,250,20.0,2.00,29,A,49,A,62,A,28,A,47,A,70,B,54,A,24,S
normal,30,A,“未熄”,NORMAL,259,28750,233,10000,700,550,20.0,3.00,30,A,30,A,25,S,33,A,23,S,15,S,55,A,198,D
normal,31,A,宿主流浪者,NORMAL,255,24750,217,11000,650,200,30.0,3.00,31,A,18,S,33,A,41,A,27,A,89,B,6,S,43,A
normal,32,A,源石的腿脚,NORMAL,255,24750,217,11000,650,200,30.0,3.00,32,A,19,S,34,A,42,A,28,A,90,B,7,S,44,A
normal,33,A,无忧货运帮手,NORMAL,249,5625,1000,2500,1000,200,30.0,1.00,33,A,223,F,207,E,1,OP,4,OP,91,B,8,S,70,B
normal,34,A,机鳄战甲,NORMAL,248,28500,150,9500,750,700,10.0,5.00,34,A,38,A,27,A,112,B,19,S,10,S,161,C,10,S
normal,35,A,架桥船工,NORMAL,235,12750,300,6000,600,150,30.0,2.00,35,A,85,B,86,B,12,S,34,A,139,C,9,S,11,S
normal,36,A,渴求瞩目的道具师,NORMAL,233,21375,150,9500,300,300,20.0,2.00,36,A,39,A,45,A,113,B,151,C,50,A,56,A,25,S
normal,37,A,温泉“流浪汉”,NORMAL,230,17000,234,8000,750,250,20.0,3.20,37,A,50,A,63,A,32,A,20,S,71,B,57,A,26,A
normal,38,A,寻路密探,NORMAL,223,14625,217,6500,500,300,20.0,2.30,38,A,77,B,74,B,43,A,48,A,51,A,58,A,45,A
normal,39,A,玻璃球打手,NORMAL,223,12750,250,4000,800,250,20.0,3.20,39,A,157,C,87,B,29,A,12,S,72,B,59,A,46,A
normal,40,A,提亚卡乌好战者,NORMAL,216,12100,320,5500,320,380,10.0,1.00,40,A,101,B,97,B,8,S,140,C,36,A,162,C,47,A
normal,41,A,窃笑鳄鱼,NORMAL,216,12100,320,5500,320,380,10.0,1.00,41,A,102,B,98,B,9,S,141,C,37,A,163,C,48,A
normal,42,A,“里子”,NORMAL,211,20000,183,8000,550,300,30.0,3.00,42,A,51,A,49,A,73,B,41,A,52,A,10,S,49,A
normal,43,A,密林锋脊裂兽,NORMAL,211,29750,150,10000,450,300,15.0,3.00,43,A,31,A,20,S,114,B,59,A,53,A,143,C,199,D
normal,44,A,热烈舞团领舞者,NORMAL,208,29750,120,14000,120,350,10.0,1.00,44,A,5,OP,21,S,148,C,216,E,42,A,164,C,50,A
normal,45,A,“萨科塔之眼”,NORMAL,207,11688,333,5500,1000,150,30.0,3.00,45,A,103,B,104,B,7,S,5,OP,140,C,11,S,71,B
normal,46,A,排球重扣车,NORMAL,207,18000,180,8000,450,400,10.0,2.50,46,A,52,A,58,A,76,B,60,A,31,A,165,C,27,A
normal,47,A,"拥霜羽兽
",NORMAL,206,28000,114,10000,400,200,20.0,3.50,47,A,32,A,28,A,160,C,73,B,92,B,60,A,28,A
normal,48,A,访问团强攻冠军,NORMAL,203,15750,217,7000,650,400,10.0,3.00,48,A,67,B,68,B,44,A,29,A,32,A,166,C,51,A
normal,49,A,节日零食商贩,NORMAL,202,41250,75,10000,300,500,20.0,4.00,49,A,33,A,8,S,198,D,152,C,22,S,61,A,29,A
normal,50,A,萨卡兹子裔工匠组长,NORMAL,200,19000,190,8000,380,350,20.0,2.00,50,A,53,A,53,A,64,B,91,B,43,A,62,A,72,B
normal,51,A,山海众掌令使,NORMAL,199,23375,140,11000,420,250,20.0,3.00,51,A,20,S,38,A,126,C,70,B,73,B,63,A,52,A
normal,52,A,雷遁宗师,NORMAL,190,10500,100,7000,350,100,10.0,3.50,52,A,68,B,111,B,171,D,111,B,195,D,167,D,30,A
normal,53,A,遮天面包机·果酱款,NORMAL,189,20250,160,9000,400,300,20.0,2.50,53,A,42,A,47,A,100,B,74,B,54,A,64,B,73,B
normal,54,A,街头火舞明星,NORMAL,188,18063,163,8500,650,350,10.0,4.00,54,A,46,A,56,A,99,B,30,A,44,A,168,D,53,A
normal,55,A,异质源石虫·α,NORMAL,186,15750,200,6000,400,100,20.0,2.00,55,A,86,B,69,B,52,A,75,B,196,D,65,B,74,B
normal,56,A,"惊艳事热衷者
",NORMAL,186,14400,240,7200,600,200,20.0,2.50,56,A,66,B,75,B,31,A,35,A,93,B,66,B,200,D
normal,57,A,萨卡兹枯朽战士组长,NORMAL,185,17325,180,5500,450,100,20.0,2.50,57,A,104,B,61,A,77,B,61,A,197,D,67,B,75,B
normal,58,A,可汗片影,NORMAL,184,12000,233,4000,700,500,30.0,3.00,58,A,158,C,99,B,34,A,24,S,23,S,12,S,54,A
normal,59,A,无胄盟刺客组长,NORMAL,176,12375,227,5500,500,300,20.0,2.20,59,A,105,B,91,B,39,A,49,A,55,A,68,B,76,B
normal,60,A,困困荪茸,NORMAL,175,30800,100,8000,350,500,20.0,3.50,60,A,54,A,18,S,172,D,112,B,24,S,69,B,201,D
normal,61,A,大名碎壳螈,NORMAL,172,23750,113,10000,450,300,25.0,4.00,61,A,34,A,37,A,162,C,62,A,56,A,34,A,77,B
normal,62,A,霜劫·争,NORMAL,171,25025,117,11000,350,360,15.0,3.00,62,A,21,S,31,A,153,C,113,B,38,A,144,C,202,E
normal,63,A,热烈舞团独舞者,NORMAL,170,24000,100,12000,100,300,10.0,1.00,63,A,16,S,36,A,173,D,218,E,57,A,169,D,55,A
normal,64,A,游击队猎犬pro,NORMAL,168,7125,300,3800,420,150,20.0,1.40,64,B,182,D,177,D,13,S,71,B,141,C,70,B,203,E
normal,65,A,疲倦道具师,NORMAL,164,16000,100,8000,200,200,20.0,2.00,65,B,55,A,66,B,174,D,200,D,94,B,71,B,31,A
normal,66,B,巫王乐团小号手,NORMAL,164,19600,125,7000,250,250,15.0,2.00,66,B,69,B,50,A,143,C,189,D,74,B,145,C,78,B
normal,67,B,访问团强攻手,NORMAL,163,12000,183,6000,550,300,10.0,3.00,67,B,87,B,100,B,74,B,42,A,58,A,170,D,56,A
normal,68,B,萨卡兹征用尖端无人机,NORMAL,161,16200,144,9000,650,220,10.0,4.50,68,B,43,A,65,B,123,C,31,A,85,B,171,D,79,B
normal,69,B,深池弩炮队长,NORMAL,161,17813,120,7500,600,350,20.0,5.00,69,B,61,A,59,A,149,C,36,A,45,A,72,B,57,A
normal,70,B,好外号热衷者,NORMAL,161,13000,200,6500,500,200,20.0,2.50,70,B,78,B,84,B,53,A,50,A,95,B,73,B,204,E
normal,71,B,执拗的收音师,NORMAL,159,8750,200,5000,400,150,15.0,2.00,71,B,117,C,140,C,54,A,76,B,142,C,146,C,80,B
normal,72,B,游击队战士组长,NORMAL,159,10688,165,4500,330,350,20.0,2.00,72,B,136,C,110,B,96,B,136,C,46,A,74,B,81,B
normal,73,B,迂回的“匕现”,NORMAL,159,13200,133,6000,400,280,20.0,3.00,73,B,88,B,82,B,136,C,77,B,69,B,75,B,82,B
normal,74,B,精致糖果车,NORMAL,159,7600,300,3800,300,200,20.0,1.00,74,B,183,D,166,C,14,S,153,C,96,B,76,B,83,B
normal,75,B,山海众游勇,NORMAL,159,12000,192,6000,480,200,20.0,2.50,75,B,89,B,101,B,63,A,56,A,97,B,77,B,84,B
normal,76,B,宿主拾荒者,NORMAL,158,12450,167,6000,500,130,30.0,3.00,76,B,90,B,90,B,92,B,51,A,177,D,13,S,58,A
normal,77,B,排球发球车,NORMAL,158,13500,140,6000,350,400,10.0,2.50,77,B,91,B,79,B,127,C,114,B,33,A,172,D,32,A
normal,78,B,乌萨斯裂兽族母,NORMAL,155,8050,300,4600,450,100,20.0,1.50,78,B,135,C,156,C,15,S,63,A,198,D,78,B,205,E
normal,79,B,慷慨之赐,NORMAL,154,9000,200,3000,800,200,20.0,4.00,79,B,202,E,132,C,55,A,13,S,98,B,79,B,33,A
normal,80,B,萨卡兹枯朽战士,NORMAL,154,14175,152,4500,380,100,20.0,2.50,80,B,137,C,76,B,108,B,92,B,199,D,80,B,85,B
normal,81,B,乌萨斯高级突袭弩手,NORMAL,151,11000,187,5500,430,200,20.0,2.30,81,B,106,B,106,B,68,B,68,B,99,B,81,B,86,B
normal,82,B,速射劲弩手,NORMAL,151,10313,200,5500,400,250,10.0,2.00,82,B,107,B,115,C,56,A,78,B,75,B,173,D,87,B
normal,83,B,遮天面包机,NORMAL,151,15750,132,7000,330,300,20.0,2.50,83,B,70,B,70,B,140,C,137,C,59,A,82,B,88,B
normal,84,B,萨卡兹子裔战士组长,NORMAL,150,10238,200,4500,400,210,30.0,2.00,84,B,138,C,116,C,57,A,79,B,87,B,14,S,89,B
normal,85,B,家族精英士兵,NORMAL,150,7480,208,4400,375,180,10.0,1.80,85,B,151,C,171,D,49,A,103,B,130,C,174,D,90,B
normal,86,B,访问团突击老兵,NORMAL,150,12250,167,7000,500,200,10.0,3.00,86,B,71,B,92,B,93,B,52,A,100,B,175,D,91,B
normal,87,B,椰壳蟹,NORMAL,150,22400,100,8000,300,300,10.0,3.00,87,B,56,A,44,A,175,D,154,C,60,A,176,D,206,E
normal,88,B,“面子”,NORMAL,148,13500,133,6000,400,200,30.0,3.00,88,B,92,B,80,B,137,C,80,B,101,B,15,S,59,A
normal,89,B,街头火舞艺人,NORMAL,147,13000,138,6500,550,300,10.0,4.00,89,B,79,B,85,B,132,C,43,A,61,A,177,D,60,A
normal,90,B,萨卡兹子裔工匠,NORMAL,145,12750,150,6000,300,250,20.0,2.00,90,B,93,B,88,B,115,C,155,C,76,B,83,B,92,B
normal,91,B,深池暗影术师队长,NORMAL,144,12188,153,6500,460,150,20.0,3.00,91,B,80,B,96,B,107,B,57,A,143,C,84,B,93,B
normal,92,B,黑土游击弩手,NORMAL,144,10000,187,5000,430,200,20.0,2.30,92,B,118,C,119,C,69,B,69,B,102,B,85,B,94,B
normal,93,B,抱蛋羽兽,NORMAL,144,18375,86,7500,300,150,15.0,3.50,93,B,62,A,55,A,194,D,156,C,144,C,147,C,34,A
normal,94,B,冠鸣龙王,NORMAL,143,10794,190,5500,380,135,25.0,2.00,94,B,108,B,107,B,65,B,93,B,176,D,35,A,207,E
normal,95,B,糖果车,NORMAL,142,6125,300,3500,300,100,20.0,1.00,95,B,190,D,197,D,16,S,157,C,200,D,86,B,95,B
normal,96,B,大君之赐,NORMAL,142,9000,170,3000,680,200,20.0,4.00,96,B,203,E,133,C,86,B,25,S,103,B,87,B,35,A
normal,97,B,大君之赐,NORMAL,142,9000,170,3000,680,200,20.0,4.00,97,B,204,E,134,C,87,B,26,A,104,B,88,B,36,A
normal,98,B,山海众传令手,NORMAL,141,14063,117,7500,350,150,20.0,3.00,98,B,63,A,77,B,154,C,115,C,145,C,89,B,61,A
normal,99,B,空值体,NORMAL,141,8750,229,5000,320,100,20.0,1.40,99,B,119,C,141,C,37,A,142,C,201,D,90,B,208,E
normal,100,B,老练拾荒者,NORMAL,140,8450,210,5200,210,150,10.0,1.00,100,B,116,C,146,C,48,A,199,D,146,C,178,D,96,B
normal,101,B,异质源石虫,NORMAL,140,11813,150,4500,300,100,20.0,2.00,101,B,139,C,103,B,116,C,158,C,202,E,91,B,97,B
normal,102,B,无胄盟刺客,NORMAL,138,9563,182,4500,400,250,20.0,2.20,102,B,140,C,127,C,75,B,81,B,77,B,92,B,98,B
normal,103,B,游击队狙击手组长,NORMAL,137,9000,144,4000,390,300,20.0,2.70,103,B,159,C,135,C,124,C,90,B,62,A,93,B,99,B
normal,104,B,巫王乐团圆号手,NORMAL,136,25200,67,9000,200,250,15.0,3.00,104,B,44,A,30,A,204,E,201,D,78,B,148,C,100,B
normal,105,B,游击队猎犬,NORMAL,134,5438,250,2900,350,150,20.0,1.40,105,B,217,E,210,E,30,A,116,C,147,C,94,B,209,E
normal,106,B,霜劫,NORMAL,134,19125,93,9000,280,300,15.0,3.00,106,B,45,A,51,A,189,D,182,D,63,A,149,C,210,E
normal,107,B,临时收音师,NORMAL,133,7000,175,4000,350,150,15.0,2.00,107,B,160,C,178,D,82,B,117,C,148,C,150,C,101,B
normal,108,B,提亚卡乌神投手,NORMAL,133,6175,262,3800,340,150,10.0,1.30,108,B,184,D,196,D,22,S,133,C,149,C,179,D,102,B
normal,109,B,感染者高级纠察官,NORMAL,133,8063,200,4300,400,150,20.0,2.00,109,B,154,C,155,C,58,A,82,B,150,C,95,B,103,B
normal,110,B,认真的“阿咬”,NORMAL,132,6500,185,4000,370,150,10.0,2.00,110,B,161,C,185,D,70,B,104,B,151,C,180,D,104,B
normal,111,B,残党乐团小号手,NORMAL,132,15750,100,6000,200,200,15.0,2.00,111,B,94,B,71,B,176,D,202,E,105,B,151,C,105,B
normal,112,B,投矛的勇士,NORMAL,132,8775,180,5400,450,150,10.0,2.50,112,B,115,C,139,C,78,B,64,B,152,C,181,D,106,B
normal,113,B,乌萨斯弩手幸存者,NORMAL,131,8000,196,4000,450,200,20.0,2.30,113,B,162,C,157,C,61,A,65,B,106,B,96,B,107,B
normal,114,B,提亚卡乌卫士,NORMAL,129,5490,211,3600,380,110,10.0,1.80,114,B,187,D,208,E,47,A,94,B,194,D,182,D,108,B
normal,115,B,联合政府军犬pro,NORMAL,129,6125,271,3500,380,100,20.0,1.40,115,C,191,D,198,D,20,S,95,B,203,E,97,B,211,E
normal,116,B,异光体漂游者,NORMAL,129,12710,109,6200,380,120,30.0,3.50,116,C,84,B,89,B,165,C,96,B,182,D,16,S,62,A
normal,117,B,深池弩炮手,NORMAL,128,13500,100,6000,500,300,20.0,5.00,117,C,95,B,81,B,177,D,53,A,64,B,98,B,63,A
normal,118,C,"碎壳螈
",NORMAL,128,17000,88,8000,350,250,20.0,4.00,118,C,57,A,64,B,193,D,118,C,79,B,99,B,109,B
normal,119,C,市井流窜盗贼,NORMAL,127,7750,190,5000,380,120,10.0,2.00,119,C,120,C,162,C,66,B,97,B,183,D,183,D,110,B
normal,120,C,“护目镜”帮派打手,NORMAL,127,9240,158,4800,410,220,15.0,2.60,120,C,132,C,131,C,105,B,72,B,86,B,152,C,111,B
normal,121,C,游击队战士,NORMAL,127,7425,150,3300,300,300,20.0,2.00,121,C,199,D,172,D,117,C,159,C,65,B,100,B,112,B
normal,122,C,山海众散兵,NORMAL,126,9000,160,4500,400,200,20.0,2.50,122,C,141,C,136,C,101,B,83,B,107,B,101,B,113,B
normal,123,C,宿主士兵组长,NORMAL,125,8500,167,4000,300,150,30.0,1.80,123,C,163,C,144,C,94,B,160,C,153,C,17,S,114,B
normal,124,C,乌萨斯裂兽,NORMAL,125,6125,253,3500,380,100,20.0,1.50,124,C,192,D,199,D,25,S,98,B,204,E,102,B,212,E
normal,125,C,布景小丑,NORMAL,124,13838,100,4500,300,120,30.0,3.00,125,C,142,C,78,B,178,D,161,C,184,D,18,S,115,C
normal,126,C,富营养的喷吐者,NORMAL,124,10000,107,5000,320,200,20.0,3.00,126,C,121,C,120,C,167,D,143,C,108,B,103,B,116,C
normal,127,C,坚冰AS.T,NORMAL,124,13125,117,7000,350,150,20.0,3.00,127,C,72,B,83,B,155,C,119,C,154,C,104,B,213,E
normal,128,C,钻石飞翼,NORMAL,124,4500,100,3000,100,100,10.0,1.00,128,C,205,E,222,E,179,D,219,E,205,E,184,D,37,A
normal,129,C,富营养的滑动者,NORMAL,123,5850,180,3600,360,150,10.0,2.00,129,C,188,D,205,E,79,B,105,B,155,C,185,D,117,C
normal,130,C,固海凿石者,NORMAL,123,10500,120,6000,300,200,10.0,2.50,130,C,96,B,112,B,150,C,162,C,109,B,186,D,64,B
normal,131,C,小寄居蟹,NORMAL,123,10500,120,6000,300,200,10.0,2.50,131,C,97,B,113,B,151,C,163,C,110,B,187,D,65,B
normal,132,C,新手拾荒者,NORMAL,122,7313,185,4500,185,150,10.0,1.00,132,C,143,C,174,D,71,B,209,E,156,C,188,D,118,C
normal,133,C,技术侦察兵,NORMAL,121,12250,108,7000,270,100,20.0,2.50,133,C,73,B,93,B,166,C,187,D,206,E,105,B,119,C
normal,134,C,暗潮钳兽·α,NORMAL,121,7700,190,2800,400,400,30.0,2.10,134,C,218,E,164,C,67,B,84,B,34,A,19,S,214,E
normal,135,C,速射轻弩手,NORMAL,121,7650,175,4500,350,180,10.0,2.00,135,C,144,C,165,C,83,B,120,C,131,C,189,D,120,C
normal,136,C,“匕现”,NORMAL,120,10080,100,4800,300,240,20.0,3.00,136,C,133,C,118,C,180,D,164,C,84,B,106,B,121,C
normal,137,C,家族精英弩手,NORMAL,120,9625,136,5500,380,200,10.0,2.80,137,C,109,B,123,C,133,C,99,B,111,B,190,D,122,C
normal,138,C,沼泽钳兽,NORMAL,120,8250,175,2000,350,400,30.0,2.00,138,C,228,F,151,C,84,B,121,C,35,A,20,S,215,E
normal,139,C,巫王乐团长笛手,NORMAL,120,8125,160,5000,320,150,10.0,2.00,139,C,122,C,153,C,102,B,144,C,157,C,191,D,123,C
normal,140,C,萨卡兹子裔战士,NORMAL,118,7380,170,3600,340,120,30.0,2.00,140,C,189,D,173,D,88,B,134,C,185,D,21,S,124,C
normal,141,C,家族士兵,NORMAL,118,5425,178,3500,320,120,10.0,1.80,141,C,193,D,211,E,81,B,145,C,186,D,192,D,125,C
normal,142,C,喷射背包客,NORMAL,118,7000,200,3500,380,200,20.0,1.90,142,C,194,D,179,D,59,A,100,B,112,B,107,B,216,E
normal,143,C,远眺·B,NORMAL,117,10725,117,5500,350,180,20.0,3.00,143,C,110,B,109,B,156,C,122,C,132,C,108,B,126,C
normal,144,C,乌萨斯突袭弩手,NORMAL,116,8000,152,4000,350,200,20.0,2.30,144,C,164,C,158,C,109,B,123,C,113,B,109,B,127,C
normal,145,C,游击队狙击手,NORMAL,115,6750,136,3000,340,300,20.0,2.50,145,C,206,E,183,D,134,C,135,C,66,B,110,B,128,C
normal,146,C,冰原战士队长,NORMAL,115,7500,159,4000,350,150,20.0,2.20,146,C,165,C,167,D,104,B,124,C,158,C,111,B,129,C
normal,147,C,冰原猎人队长,NORMAL,115,9375,129,5000,450,150,20.0,3.50,147,C,123,C,128,C,141,C,66,B,159,C,112,B,130,C
normal,148,C,开天汽水瓶·酸辣味,NORMAL,114,9750,133,6500,400,100,10.0,3.00,148,C,81,B,121,C,138,C,85,B,207,E,193,D,217,E
normal,149,C,恶尘源石虫·α,NORMAL,111,10238,100,6500,400,130,10.0,4.00,149,C,82,B,117,C,181,D,86,B,178,D,194,D,66,B
normal,150,C,精锐西西里人,NORMAL,110,6270,175,3800,350,160,10.0,2.00,150,C,185,D,192,D,85,B,125,C,135,C,195,D,131,C
normal,151,C,访问团突击新兵,NORMAL,110,8250,133,5500,400,100,10.0,3.00,151,C,111,B,152,C,139,C,87,B,208,E,196,D,132,C
normal,152,C,萨卡兹征用工程无人机,NORMAL,109,9750,111,6000,500,150,10.0,4.50,152,C,98,B,122,C,164,C,54,A,160,C,197,D,133,C
normal,153,C,残党乐团圆号手,NORMAL,108,21000,50,8000,150,200,15.0,3.00,153,C,58,A,46,A,211,E,211,E,114,B,153,C,134,C
normal,154,C,山谷雪灵,NORMAL,108,10500,100,6000,300,150,15.0,3.00,154,C,99,B,114,B,182,D,165,C,161,C,154,C,135,C
normal,155,C,感染者纠察官,NORMAL,106,6188,165,3300,330,150,20.0,2.00,155,C,200,D,194,D,97,B,138,C,162,C,113,B,136,C
normal,156,C,脊海喷吐者,NORMAL,106,8360,93,4400,280,160,20.0,3.00,156,C,152,C,150,C,190,D,183,D,136,C,114,B,137,C
normal,157,C,除秽,NORMAL,105,6013,165,3700,330,150,10.0,2.00,157,C,186,D,201,D,98,B,139,C,163,C,198,D,138,C
normal,158,C,小型共生体,NORMAL,104,5250,206,3000,350,200,10.0,1.70,158,C,207,E,213,E,50,A,126,C,115,C,199,D,218,E
normal,159,C,市井盗贼,NORMAL,103,6000,160,4000,320,100,10.0,2.00,159,C,166,C,202,E,103,B,146,C,209,E,200,D,139,C
normal,160,C,失控的修理小助手,NORMAL,103,5313,180,2500,360,200,25.0,2.00,160,C,224,F,212,E,80,B,106,B,116,C,36,A,140,C
normal,161,C,潜水队长,NORMAL,102,8000,119,4000,320,200,20.0,2.70,161,C,167,D,159,C,152,C,147,C,117,C,115,C,141,C
normal,162,C,冠鸣龙,NORMAL,102,7000,150,4000,300,100,20.0,2.00,162,C,168,D,180,D,118,C,166,C,210,E,116,C,219,E
normal,163,C,蓝冠羽镖客,NORMAL,102,9000,117,4500,350,100,30.0,3.00,163,C,145,C,137,C,157,C,127,C,211,E,22,S,220,E
normal,164,C,富营养的飘航者,NORMAL,101,8500,83,4000,250,250,20.0,3.00,164,C,169,D,145,C,195,D,190,D,80,B,117,C,142,C
normal,165,C,“护目镜”帮派窃贼,NORMAL,100,7300,123,4000,320,180,15.0,2.60,165,C,170,D,175,D,147,C,148,C,133,C,155,C,143,C
normal,166,C,残党乐团长笛手,NORMAL,100,6500,140,4000,280,150,10.0,2.00,166,C,171,D,186,D,128,C,184,D,164,C,201,D,144,C
normal,167,C,联合政府军犬,NORMAL,100,4375,229,2500,320,100,20.0,1.40,167,D,225,F,227,F,38,A,149,C,212,E,118,C,221,E
normal,168,C,微核沉积者,NORMAL,100,11250,80,4500,400,500,10.0,5.00,168,D,146,C,105,B,197,D,88,B,25,S,202,E,145,C
normal,169,D,投矛的士兵,NORMAL,100,6300,144,4200,360,100,10.0,2.50,169,D,155,C,190,D,125,C,107,B,213,E,203,E,146,C
normal,170,D,“阿咬”,NORMAL,99,4650,145,3000,290,120,10.0,2.00,170,D,208,E,219,E,120,C,178,D,187,D,204,E,147,C
normal,171,D,去蚀,NORMAL,99,7150,125,4400,350,150,10.0,2.80,171,D,153,C,176,D,144,C,128,C,165,C,205,E,148,C
normal,172,D,清醒的墨魉,NORMAL,99,4650,145,3000,290,120,10.0,2.00,172,D,209,E,220,E,121,C,179,D,188,D,206,E,149,C
normal,173,D,市井流窜猎手,NORMAL,96,8400,100,4800,350,200,10.0,3.50,173,D,134,C,149,C,183,D,129,C,118,C,207,E,150,C
normal,174,D,深池暗影术师,NORMAL,96,8438,100,4500,300,150,20.0,3.00,174,D,147,C,147,C,184,D,167,D,166,C,119,C,151,C
normal,175,D,荒地鼷兽,NORMAL,96,4650,200,3000,400,120,10.0,2.00,175,D,210,E,221,E,60,A,89,B,189,D,208,E,222,E
normal,176,D,骨海漂流体,NORMAL,95,6500,125,4000,250,150,10.0,2.00,176,D,172,D,187,D,145,C,191,D,167,D,209,E,152,C
normal,177,D,底海滑动者,NORMAL,94,4410,140,2800,280,130,10.0,2.00,177,D,219,E,226,F,129,C,185,D,179,D,210,E,153,C
normal,178,D,坚冰,NORMAL,94,8750,100,5000,300,100,20.0,3.00,178,D,124,C,142,C,185,D,168,D,214,E,120,C,223,F
normal,179,D,开天汽水瓶,NORMAL,94,7500,117,5000,350,100,10.0,3.00,179,D,125,C,168,D,158,C,130,C,215,E,211,E,224,F
normal,180,D,训练用钳兽,NORMAL,93,5750,152,2000,380,450,30.0,2.50,180,D,229,F,206,E,110,B,101,B,27,A,23,S,225,F
normal,181,D,提亚卡乌投矛手,NORMAL,92,4200,185,2800,240,100,10.0,1.30,181,D,220,E,230,F,72,B,196,D,216,E,212,E,154,C
normal,182,D,果冻丁,NORMAL,92,4375,193,2500,290,100,20.0,1.50,182,D,226,F,228,F,62,A,180,D,217,E,121,C,226,F
normal,183,D,家族弩手,NORMAL,91,7000,107,4000,300,200,10.0,2.80,183,D,173,D,181,D,168,D,169,D,119,C,213,E,155,C
normal,184,D,恶尘源石虫,NORMAL,90,9000,75,6000,300,100,10.0,4.00,184,D,100,B,138,C,199,D,170,D,218,E,214,E,67,B
normal,185,D,“两栖号”船车,NORMAL,90,14700,50,4200,500,700,30.0,10.00,185,D,156,C,73,B,212,E,55,A,11,S,24,S,156,C
normal,186,D,雪顽童,NORMAL,90,12250,60,7000,300,200,10.0,5.00,186,D,74,B,94,B,208,E,171,D,120,C,215,E,157,C
normal,187,D,夜色雪球,NORMAL,90,12250,60,7000,300,200,10.0,5.00,187,D,75,B,95,B,209,E,172,D,121,C,216,E,158,C
normal,188,D,冰原战士,NORMAL,89,5250,136,3000,300,100,20.0,2.20,188,D,211,E,214,E,135,C,173,D,219,E,122,C,159,C
normal,189,D,宿主士兵,NORMAL,88,5000,139,2500,250,100,30.0,1.80,189,D,227,F,217,E,130,C,192,D,220,E,25,S,160,C
normal,190,D,暗潮钳兽,NORMAL,87,4500,167,1800,350,300,30.0,2.10,190,D,231,F,223,F,95,B,131,C,67,B,26,A,227,F
normal,191,D,见习祭司学徒,NORMAL,87,9625,72,5500,360,100,20.0,5.00,191,D,112,B,124,C,202,E,108,B,221,E,123,C,161,C
normal,192,D,莱塔尼亚叛兵组长,NORMAL,86,7500,90,4000,180,150,20.0,2.00,192,D,174,D,169,D,191,D,210,E,168,D,124,C,162,C
normal,193,D,远眺,NORMAL,86,8100,83,4500,250,120,20.0,3.00,193,D,148,C,154,C,196,D,193,D,190,D,125,C,163,C
normal,194,D,秽,NORMAL,85,4500,145,3000,290,100,10.0,2.00,194,D,212,E,224,F,122,C,181,D,222,E,217,E,164,C
normal,195,D,迷茫的修理小助手,NORMAL,84,4250,150,2000,300,200,25.0,2.00,195,D,230,F,229,F,119,C,174,D,122,C,37,A,165,C
normal,196,D,“街头音乐家”,NORMAL,84,6200,103,4000,360,120,10.0,3.50,196,D,175,D,193,D,170,D,109,B,191,D,218,E,166,C
normal,197,D,血色异种菌,NORMAL,84,18750,26,6250,130,700,10.0,5.00,197,D,83,B,54,A,221,E,214,E,12,S,219,E,167,D
normal,198,D,冰原猎人,NORMAL,82,6125,100,3500,350,100,20.0,3.50,198,D,195,D,200,D,186,D,132,C,223,F,126,C,168,D
normal,199,D,匪帮窃贼头目,NORMAL,81,11900,50,7000,100,180,10.0,2.00,199,D,76,B,102,B,213,E,220,E,134,C,220,E,169,D
normal,200,D,巫术石球,NORMAL,81,6000,100,3000,200,200,20.0,2.00,200,D,213,E,203,E,187,D,203,E,123,C,127,C,170,D
normal,201,D,浮海飘航者,NORMAL,80,6000,73,3000,220,200,20.0,3.00,201,D,214,E,204,E,201,D,198,D,124,C,128,C,171,D
normal,202,E,隐形弩手组长,NORMAL,79,4928,115,2700,310,130,20.0,2.70,202,E,221,E,218,E,159,C,150,C,180,D,129,C,172,D
normal,203,E,惊躁伏翼兽,NORMAL,79,8438,67,4500,200,150,20.0,3.00,203,E,149,C,148,C,205,E,204,E,169,D,130,C,173,D
normal,204,E,蚀,NORMAL,79,5250,107,3500,300,100,10.0,2.80,204,E,196,D,215,E,169,D,175,D,224,F,221,E,174,D
normal,205,E,潜水员,NORMAL,78,6188,89,3300,240,150,20.0,2.70,205,E,201,D,195,D,192,D,197,D,170,D,131,C,175,D
normal,206,E,西西里人,NORMAL,75,4050,125,2700,250,100,10.0,2.00,206,E,222,E,231,F,146,C,194,D,225,F,222,E,176,D
normal,207,E,市井猎手,NORMAL,72,6500,71,4000,250,150,10.0,3.50,207,E,176,D,188,D,203,E,195,D,171,D,223,F,177,D
normal,208,E,仁慈之触,NORMAL,72,3375,152,1500,380,100,10.0,2.50,208,E,233,F,232,F,111,B,102,B,226,F,224,F,228,F
normal,209,E,狂奔的斐迪庇第斯,NORMAL,71,22800,20,9600,100,300,25.0,5.00,209,E,36,A,39,A,223,F,221,E,68,B,38,A,178,D
normal,210,E,洞栖雪灵,NORMAL,70,6750,67,4500,200,100,10.0,3.00,210,E,150,C,184,D,206,E,205,E,227,F,225,F,179,D
normal,211,E,异种菌,NORMAL,69,15000,22,5000,110,700,10.0,5.00,211,E,126,C,72,B,222,E,217,E,13,S,226,F,180,D
normal,212,E,新手祭司学徒,NORMAL,68,7000,60,4000,300,100,20.0,5.00,212,E,177,D,182,D,210,E,176,D,228,F,132,C,181,D
normal,213,E,新生血裔,NORMAL,66,8000,50,4000,100,200,20.0,2.00,213,E,178,D,160,C,214,E,222,E,125,C,133,C,182,D
normal,214,E,橡胶弹狙击手,NORMAL,66,5250,75,3500,300,100,10.0,4.00,214,E,197,D,216,E,200,D,177,D,229,F,227,F,183,D
normal,215,E,匪帮窃贼,NORMAL,65,7750,50,5000,100,120,10.0,2.00,215,E,127,C,163,C,215,E,223,F,192,D,228,F,184,D
normal,216,E,雪孩子,NORMAL,65,9625,40,5500,200,200,10.0,5.00,216,E,113,B,125,C,218,E,206,E,126,C,229,F,185,D
normal,217,E,蓬松雪球,NORMAL,65,9625,40,5500,200,200,10.0,5.00,217,E,114,B,126,C,219,E,207,E,127,C,230,F,186,D
normal,218,E,莱塔尼亚叛兵,NORMAL,63,5475,65,3000,130,130,20.0,2.00,218,E,215,E,209,E,207,E,215,E,181,D,134,C,187,D
normal,219,E,大君之触,NORMAL,61,3375,112,1500,280,100,10.0,2.50,219,E,234,F,233,F,163,C,186,D,230,F,231,F,229,F
normal,220,E,狙击步兵组长,NORMAL,60,6500,50,4000,200,150,10.0,4.00,220,E,179,D,189,D,216,E,208,E,172,D,232,F,188,D
normal,221,E,伏翼兽,NORMAL,59,6300,50,3500,150,120,20.0,3.00,221,E,198,D,191,D,217,E,212,E,193,D,135,C,189,D
normal,222,E,小跑的斐迪庇第斯,NORMAL,59,16000,20,8000,100,200,20.0,5.00,222,E,59,A,67,B,224,F,224,F,128,C,136,C,190,D
normal,223,F,隐形弩手,NORMAL,58,3150,96,1800,260,100,20.0,2.70,223,F,232,F,234,F,188,D,188,D,231,F,137,C,191,D
normal,224,F,狙击步兵,NORMAL,43,4500,38,3000,150,100,10.0,4.00,224,F,216,E,225,F,220,E,213,E,232,F,233,F,192,D
normal,225,F,御4,NORMAL,0,7500,0,4000,0,150,20.0,2.00,225,F,180,D,170,D,225,F,225,F,173,D,138,C,193,D
normal,226,F,萨卡兹哨兵,NORMAL,0,8000,0,4000,0,100,30.0,1.00,226,F,181,D,161,C,226,F,226,F,233,F,27,A,194,D
normal,227,F,萨卡兹哨兵组长,NORMAL,0,10750,0,5000,0,160,30.0,1.00,227,F,128,C,108,B,227,F,227,F,137,C,28,A,195,D
normal,228,F,赞助无人机,NORMAL,0,9375,0,5000,0,150,20.0,1.00,228,F,129,C,129,C,228,F,228,F,174,D,139,C,230,F
normal,229,F,斗志昂扬无人机,NORMAL,0,9375,0,5000,0,150,20.0,1.00,229,F,130,C,130,C,229,F,229,F,175,D,140,C,231,F
normal,230,F,变异食肉植物,NORMAL,0,24375,0,13000,0,250,10.0,2.50,230,F,8,S,35,A,230,F,230,F,81,B,234,F,68,B
normal,231,F,积雪银凇,NORMAL,0,22500,0,7500,0,600,20.0,1.00,231,F,64,B,42,A,231,F,231,F,14,S,141,C,232,F
normal,232,F,二手廉价无人机,NORMAL,0,8750,0,5000,0,100,20.0,1.00,232,F,131,C,143,C,232,F,232,F,234,F,142,C,233,F
normal,233,F,二手改装无人机,NORMAL,0,22500,0,10000,0,200,30.0,1.00,233,F,35,A,43,A,233,F,233,F,129,C,29,A,234,F
normal,234,F,移动电源,NORMAL,0,17813,0,7500,0,250,30.0,3.00,234,F,65,B,60,A,234,F,234,F,82,B,30,A,196,D
